Lon,Lat,Clave,Edo,Est,Tmed
-102.79,21.81,MNLAG,AGS,Media Luna Ags.,13.8
-102.71,21.85,CALVILLO,AGS,Calvillo Ags. SMN*,15.2
-102.29,21.85,OBSAG,AGS,Observatorio de Aguascalientes Ags.,15.1
-102.31,21.9,AGSAG,AGS,Aguascalientes Ags.,15.3
-101.99,21.9,CNSAG,AGS,Los Conos Ags.,13.1
-102.68,22,CDRAG,AGS,La Codorniz Ags.,16.6
-102.36,22.12,JCQAG,AGS,Jocoque Ags.,13.3
-102.42,22.14,PECAG,AGS,Plutarco ElÌas Calles Ags.,13.1
-102.28,22.15,PBLAG,AGS,PabellÛn Ags.,13.2
-102.14,22.2,PTOAG,AGS,Puerto de la ConcepciÛn Ags.,14.1
-102.44,22.24,PTRAG,AGS,Derivadora PabellÛn Ags.,13.9
-102.3,22.36,CSOAG,AGS,CosÌo Ags.,8.7
-102.18,21.74,BRTAG,AGS,San Bartolo Ags.,15.6
-102.37,21.78,NGRAG,AGS,El Ni·gara Ags.,13.6
-102.13,21.81,TNJAG,AGS,La Tinaja 2 Ags.,13.6
-102.19,21.83,CLVAG,AGS,Calvillo Ags.,10.6
-102.11,21.88,SNVAG,AGS,Sandovales Ags.,11.4
-101.97,21.92,PALAG,AGS,Palo Alto Ags.,12.3
-102.36,21.97,UAALAPOSTA,AGS,Univ. AutÛnoma de Aguascalientes La Posta Ags. SGT*,13.0
-102.2,22.01,CHOAG,AGS,CaÒada Honda Ags.,12.2
-102,22.02,NVLAG,AGS,El Novillo Ags.,10.4
-102.07,22.1,VJZAG,AGS,Villa Ju·rez Ags.,11.4
-102.59,22.18,ALMAG,AGS,Alamitos Ags.,9.5
-102.61,22.27,SIERRAFRIA,AGS,Sierra FrÌa Ags. SMN*,9.4
-114.72,29.73,CATAVINA,BC,CataviÒa B.C. SMN*,14.3
-116.6,31.89,ELZBN,BC,Emilio LÛpez Zamora B.C.,14.5
-116.2,32.27,AGHBN,BC,Agua Hechicera B.C.,9.5
-116.91,32.44,ALRBN,BC,Abelardo L. RodrÌguez B.C.,15.2
-116.83,32.47,EFLBN,BC,El Florido B.C.,15.5
-116.7,32.48,CRRBN,BC,El Carrizo B.C.,15.1
-116.3,32.52,HNGBN,BC,El Hongo B.C.,8.7
-114.73,32.7,PDMBN,BC,Presa derivadora Morelos B.C.,12.5
-115.27,32.39,MXCBN,BC,Mexicali B.C.,13.7
-115.93,30.52,ENBBN,BC,San QuintÌn B.C.,13.6
-114.73,32.7,ALGODONESob,BC,Observatorio de Algodones B.C. SMN*,14.6
-113.56,28.9,BAABN,BC,BahÌa de los ¡ngeles B.C. SMN*,16.9
-115.94,30.53,SQNBN,BC,San QuintÌn B.C. SMN*,13.9
-114.83,30.99,SANFELIPEMAR,BC,San Felipe B.C. SEMAR*,13.5
-114.83,31.03,SFELIPEob,BC,Observatorio de San Felipe B.C. SMN*,15.9
-116.64,31.7,PTBBN,BC,Punta Banda B.C.,11.9
-116.6,31.89,PLOPEZZAMORA,BC,Presa Emilio LÛpez Zamora B.C. SMN*,14.1
-115.92,32.04,CONST1857,BC,ConstituciÛn de 1857 B.C. SMN*,5.3
-114.97,32.06,ENCINAS,BC,Encinas Johnson Son. REMAS*,13.4
-117.07,32.38,PLAYAROSARITO,BC,Playa Rosarito B.C. SMN*,14.1
-116.91,32.45,PABELARLRDGZ2,BC,Abelardo L. RodrÌguez. 2 B.C. SMN*,15.8
-116.66,32.57,TECATE,BC,Tecate B.C. SMN*,13.6
-115.38,32.63,MEXICALIOB,BC,Mexicali Observatorio B.C. SMN*,13.5
-116.21,32.27,RUMOROSA,BC,La Rumorosa B.C. SMN*,9.1
-115.15,32.41,ENLBN,BC,Observatorio de Ejido Nuevo LeÛn B.C.,14.2
-117.25,32.42,ISLACORONADOMAR,BC,Isla Coronado B.C. SEMAR*,15.3
-115.46,32.67,MEXBN,BC,Mexicali B.C. SMN*,15.2
-111.35,26.01,BLORETO,BCS,BahÌa de Loreto B.C.S. SMN*,18.5
-109.92,22.89,SANLUCAS,BCS,Cabo San Lucas B.C.S. SMN*,21.1
-109.92,22.89,SLUBS,BCS,Cabo San Lucas B.C.S. SMN*,21.2
-109.93,22.9,CSLBS,BCS,Cabo San Lucas B.C.S.,16.6
-109.71,23.12,SJCBS,BCS,San JosÈ del Cabo B.C.S.,17.2
-110.21,23.48,TSNBS,BCS,Todos Santos B.C.S.,17.2
-109.71,23.49,SNTBS,BCS,Santiago B.C.S.,15.2
-109.59,23.59,RBRBS,BCS,La Ribera B.C.S.,16.3
-109.7,23.68,LBABS,BCS,Los Barriles B.C.S.,19.5
-109.84,23.74,SBABS,BCS,San Bartolo B.C.S.,14.7
-110.06,23.8,SANBS,BCS,San Antonio B.C.S.,17.2
-109.93,23.97,PLNBS,BCS,Los Planes B.C.S.,16.3
-110,24.08,SARBS,BCS,El Sargento B.C.S.,16.4
-113.46,27.64,DORBS,BCS,DÌaz Ordaz B.C.S.,12.8
-114.05,27.96,GNGBS,BCS,Guerrero Negro B.C.S.,14.6
-111.98,26.9,MLGBS,BCS,MulegÈ B.C.S.,15.4
-110,23.56,SLAGUNA,BCS,Sierra La Laguna B.C.S. SMN*,13.8
-110.32,24.12,LAPAZob,BCS,Observatorio de La Paz B.C.S. SMN*,18.7
-111.83,24.48,PCORTESMAR,BCS,Puerto CortÈs B.C.S. SEMAR*,18.9
-112.48,26.26,SANJUANICO,BCS,San Juanico B.C.S. SMN*,18.3
-110.37,24.15,LPZBS,BCS,Observatorio de La Paz B.C.S.,18.8
-111.66,25.01,CCNBS,BCS,Observatorio de Ciudad ConstituciÛn B.C.S.,16.7
-111.65,25.01,CDCONSTITUCIONo,BCS,Ciudad ConstituciÛn Ob B.C.S. SGT*,17.6
-111.35,26.01,LRTBS,BCS,Observatorio de Loreto B.C.S.,18.0
-112.1,27.09,STAROSALIAMAR,BCS,Santa RosalÌa B.C.S. SEMAR*,16.5
-112.27,27.34,SRLBS,BCS,Observatorio de Santa RosalÌa B.C.S.,16.7
-113.46,27.64,DIAZORDAZBN,BCS,Gustavo DÌçaz Ordaz B.C.S. SMN*,15.8
-89.4,18.5,XPJCA,CAMP,Xpujil Camp.,23.7
-91.05,18.18,CNDCA,CAMP,Candelaria Camp.,24.0
-92.09,18.25,PLZCA,CAMP,Palizada Camp.,23.4
-90.74,18.6,ESCCA,CAMP,Esc·rcega Camp.,25.4
-91.76,18.65,CARCA,CAMP,El Carmen Camp.,24.4
-91.18,18.97,SBNCA,CAMP,Sabancuy Camp.,23.6
-90.58,19.3,CANCA,CAMP,Canasayab Camp.,23.4
-90.72,19.36,CHMCA,CAMP,ChampotÛn Camp.,24.3
-90.22,19.61,NYXCA,CAMP,Noh-YaxchÈ Camp.,23.6
-89.86,19.66,XCPCA,CAMP,Xcupil Camp.,22.3
-89.85,19.75,HPOCA,CAMP,Hopelchen Camp.,23.0
-90.5,19.83,CAMPECHEob,CAMP,Observatorio de Campeche Camp. SMN*,24.3
-90.54,19.84,CMPCA,CAMP,Campeche Camp.,23.8
-90.51,19.84,COBCA,CAMP,Observatorio de Campeche Camp.,24.4
-89.74,20,BOLCA,CAMP,Bolonchen Camp.,24.1
-90.11,20.18,HECCA,CAMP,Hecelchak·n Camp.,24.6
-90.82,18.06,MONCLOVACAMP,CAMP,Monclova Camp. SMN*,27.5
-91.77,18.66,CDCCA,CAMP,Ciudad del Carmen Camp. SMN*,24.7
-99.2,19.3,DATDF,CDMX,DesviaciÛn Alta Cd. de MÈx.,15.2
-99.17,19.45,CBIDF,CDMX,Escuela Nacional de Ciencias BiolÛgicas IPN Cd. de MÈx. SMN*,16.2
-99.07,19.47,SJADF,CDMX,San Juan de AragÛn Cd. de MÈx.,15.6
-99.14,19.52,CEADF,CDMX,Campamento Amealco Cd. de MÈx.,16.8
-99.17,19.13,ELGUARDA,CDMX,El Guarda Cd. de MÈx. OCAVM*,8.1
-99.2,19.27,ECOGUARDAS,CDMX,Ecoguardas Ajusco Cd. de MÈx. SMN*,14.4
-99.1,19.39,TEZDF,CDMX,Tezontle Cd. de MÈx. SMN*,16.3
-99.16,19.35,ENP6,CDMX,Escuela Nacional Preparatoria 6 Cd. de MÈx. UNAM*,16.0
-99.2,19.41,CTMDF,CDMX,Observatorio de Tacubaya Cd. de MÈx.,16.2
-99.17,19.45,CBIOLOGIPN,CDMX,Eescuela Nacional de Ciencias BiolÛgicas IPN Cd. de MÈx. OCAVM*,17.9
-99.09,19.48,GCNDF,CDMX,km 6+250 Cd. de MÈx.,13.1
-99.2,19.4,TACUBAYAob,CDMX,Observatorio de Tacubaya Cd. de MÈx. SMN*,16.3
-99.2,19.31,CENAPRED,CDMX,Centro de Ciencias de la AtmÛsfera CENAPRED Cd. de MÈx SMN*,14.0
-105.16,26.74,VICCH,CHIH,Villa Coronado Chih.,10.6
-107.07,26.81,GRCCH,CHIH,Guerachi Chih.,19.0
-107.88,26.87,IGNCH,CHIH,San Ignacio Chih.,15.6
-107.88,26.87,INGCH,CHIH,San Ignacio Chih.,15.4
-107.97,26.94,TBRSI,CHIH,San Francisco Chih.,17.3
-107.72,27.03,BTPCH,CHIH,Batopilas Chih.,17.2
-104.91,27.13,JMNCH,CHIH,JimÈnez Chih.,10.5
-107.92,27.22,URICH,CHIH,Urique Chih. SMN*,19.0
-107.91,27.22,URECH,CHIH,Urique Chih.,17.1
-108.54,27.42,CNDCH,CHIH,ChÌnipas Chih.,15.6
-105.81,27.45,VZRCH,CHIH,Valle de Zaragoza Chih.,11.0
-105.41,27.54,LBQCH,CHIH,La Boquilla Chih.,11.7
-105.63,28.17,FIMCH,CHIH,Francisco I. Madero Chih.,10.9
-108.21,28.21,BSSCH,CHIH,Basaseachi Chih.,6.3
-105.45,28.21,CDLCH,CHIH,Ciudad Delicias Chih.,13.5
-107.48,28.48,AGZCH,CHIH,Abraham Gonz·lez Chih.,4.9
-106.09,28.66,QIJCH,CHIH,Observatorio de Chihuahua Chih.,10.7
-105.28,28.98,LLNCH,CHIH,Ing. Luis L. LeÛn Chih.,12.5
-108.3,29.2,GPCCH,CHIH,Guapoca Chih.,7.5
-107.38,29.56,TNTCH,CHIH,El Tintero Chih.,8.1
-104.41,29.56,OJNCH,CHIH,Ojinaga Chih.,10.8
-107.03,29.88,LJSCH,CHIH,Las Lajas Chih.,6.5
-105.38,27.41,CL2CH,CHIH,Colina hidromÈtrica Chih.,9.5
-106.22,27.45,BOCADELRIO,CHIH,Boca del RÌo Chih. SGT*,11.8
-107.26,28.77,BACCH,CHIH,BachÌniva Chih.,7.0
-106.77,26.23,CHNCH,CHIH,Chinat˙ Chih. SMN*,7.9
-107.07,26.82,GCCCH,CHIH,Guachochi Chih. SMN*,5.1
-106.35,26.95,CONCHOSob,CHIH,Observatorio de Conchos Chih. SMN*,10.8
-104.91,27.11,JIMENEZCHIH,CHIH,JimÈnez Chih. SMN*,10.8
-104.91,27.14,JIMENEZ2CHIH,CHIH,JimÈnez Chih. SGT*,11.5
-108.54,27.39,CHICH,CHIH,ChÌnipas Chih. SMN*,15.9
-107.63,27.75,CRLCH,CHIH,Creel Chih.,6.3
-107.99,27.86,MAGCH,CHIH,Maguarichi Chih. SMN*,12.2
-105.77,27.99,VILLALBA,CHIH,Villalba Chih. SGT*,11.3
-105.5,28.17,DELICIAS,CHIH,Ciudad Delicias Chih. SMN*,12.2
-108.21,28.2,BASCH,CHIH,Basaseachi Chih. SMN*,5.5
-106.84,28.4,CDCUAUHTEMOC,CHIH,Ciudad CuauhtÈmoc Chih. SMN*,9.6
-107.48,28.48,PABRGONZALEZ,CHIH,Presa Abraham Gonz·lez Chih. SGT*,6.1
-106.03,28.67,CHIHUAHUAob,CHIH,Observatorio de Chihuahua Chih. SMN*,10.6
-106.49,28.8,MAJALCA,CHIH,Cumbres de Majalca Chih. SMN*,4.0
-107.82,28.95,TEMOSACHICob,CHIH,Observatorio de TemÛsachic Chih. SMN*,5.5
-108.43,30.84,JANOS,CHIH,Janos Chih. SMN*,6.8
-106.39,26.47,ELVERGELSMN,CHIH,El Vergel Chih. SMN*,4.2
-105.68,26.92,PRRCH,CHIH,Observatorio de Parral Chih.,12.0
-107.97,26.94,TB2CH,CHIH,Tubares 2 Chih.,18.2
-105.38,27.58,COLINA,CHIH,Colina Chih. SGT*,10.3
-107.7,28.76,C08243,CHIH,Tejolocachi Chih.,4.2
-105.96,28.77,C08270,CHIH,La Mesa Chih.,10.2
-106.48,28.8,C08099,CHIH,Majalca Chih.,5.2
-107.85,28.95,TMCCH,CHIH,Observatorio de TemÛsachic Chih.,6.2
-108.09,29.25,C08219,CHIH,PeÒitas Chih.,2.7
-104.43,29.58,OJINAGA,CHIH,Ojinaga Chih.SGT*,9.0
-107.93,30.38,CAGCH,CHIH,Observatorio de Nuevo Casas Grandes Chih.,7.7
-92.4,15,HUECP,CHIS,Huehuet·n Chis.,31.3
-92.48,15.97,CATARINITAS,CHIS,Catarinitas Chis. SGT*,28.2
-92.26,14.91,TAPCP,CHIS,Tapachula Chis.,28.9
-92.47,15.13,HUICP,CHIS,Huixtla Chis.,30.3
-92.58,15.2,DESCP,CHIS,Despoblado Chis.,25.5
-92.67,15.32,ESCCP,CHIS,Escuintla Chis.,28.2
-92.88,15.45,MAPCP,CHIS,Mapastepec Chis.,26.5
-92.95,15.5,ELNCP,CHIS,El Novillero Chis.,29.3
-93.22,15.69,PIJCP,CHIS,Pijijiapan Chis.,29.3
-92.28,15.75,CHMCP,CHIS,Chicomuselo Chis.,23.3
-92.24,15.78,SMICP,CHIS,San Miguel Chis.,21.7
-93.06,16.45,SDOCP,CHIS,Santo Domingo Chis.,22.9
-91.97,15.85,PCOCP,CHIS,Puente Concordia Chis.,21.9
-92.72,15.87,JAPCP,CHIS,Jaltenango Chis.,23.5
-93.53,15.88,TPICP,CHIS,Tres Picos Chis.,28.3
-92.67,15.92,REFCP,CHIS,Reforma Chis.,21.2
-93.08,16.16,REVCP,CHIS,RevoluciÛn Mexicana Chis.,22.8
-92.1,16.2,COOCP,CHIS,Observatorio de Comit·n Chis.,18.6
-92.48,16.31,CASCP,CHIS,Cascajal Chis.,23.4
-92.78,16.4,ANGCP,CHIS,Doctor Belisario DomÌnguez Chis.,23.9
-92.8,16.55,ACACP,CHIS,Acala Chis.,23.9
-90.7,16.58,LACCP,CHIS,Lacant˙n Chis.,23.1
-93.15,16.64,BOQCP,CHIS,BoquerÛn Chis.,24.1
-92.63,16.73,SCOCP,CHIS,Observatorio de San CristÛbal Chis.,15.6
-93.13,16.75,TXOCP,CHIS,Observatorio de Tuxtla GutiÈrrez Chis.,23.9
-93.1,16.76,TUXCP,CHIS,Tuxtla Oriente Chis.,24.0
-93.15,16.76,TUXTLAGTZob,CHIS,Observatorio de Tuxtla GutiÈrrez Chis. SMN*,24.5
-92.82,16.94,SNACP,CHIS,Santa MarÌa Chis.,23.0
-93.1,16.94,CHICP,CHIS,Manuel Moreno Torres Chis.,23.5
-93.12,16.98,GRICP,CHIS,Grijalva Chis.,23.5
-93.6,17.18,MALCP,CHIS,NezahualcÛyotl Chis.,24.6
-93.38,17.42,SAYCP,CHIS,Sayula Chis.,24.6
-93.01,17.25,TAPILULA,CHIS,Tapilula Chis. SGT*,21.2
-92.35,17.57,SAACP,CHIS,Salto de Agua Chis.,23.4
-92.97,15.73,CUXTEPEQUES,CHIS,Finca Cuxtepeques Chis. SGT*,20.9
-93.63,16.49,NVAPALESTINA,CHIS,Nueva Palestina Chis. SGT*,26.6
-92.18,14.63,ILRAYON,CHIS,Ignacio LÛpez RayÛn Chis. SGT*,26.5
-92.3,15.12,ARGOVIA,CHIS,Finca Argovia Chis. SGT*,24.2
-93.25,16.25,VILLAFLORES,CHIS,Villaflores Chis. SGT*,23.0
-91.71,16.38,CHAYABE,CHIS,Finca ChayabÈ Chis. SGT*,17.6
-93.56,16.69,LASFLORESII,CHIS,Las Flores Dos Chis. SGT*,23.4
-92.62,16.74,SCRCP,CHIS,Puente Morelos Chis.,14.2
-93.07,16.72,TXZCP,CHIS,Tuxtla GutiÈrrez Zoomat Chis.,23.6
-92.37,16.89,CANCUC,CHIS,Cancuc Chis. SGT*,19.8
-92.33,15.17,FHACP,CHIS,Finca Hamburgo Chis.,23.5
-92.3,14.89,TAPACHULAob,CHIS,Observatorio de Tapachula Chis. SMN*,30.3
-92.15,14.7,SUCHIATE,CHIS,Suchiate Chis. SGT*,27.3
-92.4,14.7,PTOCHIAPASMAR,CHIS,Puerto Chiapas Chis. SEMAR*,26.8
-92.76,15.07,LAENCRUCIJADA,CHIS,La Encrucijada Chis. SGT*,26.8
-92.67,15.33,ESCUINTLA,CHIS,Escuintla Chis. SMN*,27.5
-92.81,15.66,ELTRIUNFO,CHIS,El Triunfo Chis. SMN*,15.4
-93.86,16.06,PAREDONMAR,CHIS,ParedÛn Chis. SEMAR*,27.7
-91.73,16.11,LMONTEBELLO,CHIS,Lagunas de Montebello Chis. SMN*,17.7
-93.08,16.17,CREDREVOLUCIONM,CHIS,Cred RevoluciÛn Mexicana Chis. SMN*,23.2
-92.13,16.23,COMITANob,CHIS,Observatorio de Comit·n Chis. SMN*,22.1
-93.91,16.24,CREDARRIAGA,CHIS,Cred Arriaga Chis. SMN*,28.3
-93.56,16.69,LASFLORESCFE,CHIS,Las Flores Chis. CFE*,23.0
-92.34,16.85,OXCHUC,CHIS,Oxchuc Chis. SGT*,14.3
-93.55,17.35,SITALA,CHIS,Sitala Chis. SGT*,20.8
-92.83,17.37,ESCALONCP,CHIS,El EscalÛn Chis. SGT*,22.0
-91.92,17.44,FIMADERO,CHIS,Francisco I. Madero Chis. SGT*,22.5
-91.7,17.47,CHACAMAX,CHIS,Chacamax Chis. SGT*,25.0
-91.99,17.53,PLQCP,CHIS,Palenque Chis. SMN*,24.1
-92.33,17.56,SALTODEAGUA,CHIS,Salto de Agua Chis. SGT*,24.2
-92.25,15.36,CREDMOTOZINTLA,CHIS,Cred Motozintla Chis. SMN*,20.2
-93.9,16.24,AROCP,CHIS,Observatorio de Arriaga Chis.,27.4
-93.56,16.7,LFLCP,CHIS,Las Flores Chis.,23.1
-91.52,16.81,MAZULES,CHIS,Montes Azules Chis. SMN*,22.3
-103.7,27.29,SMJCL,COAH,Sierra Mojada Coah.,11.5
-103.26,25.77,FIMCL,COAH,Francisco I. Madero Coah.,13.9
-101.02,25.38,STOCL,COAH,Saltillo Coah.,13.8
-103.45,25.54,TORCL,COAH,Observatorio de TorreÛn Coah.,16.5
-103.47,25.54,CYTCL,COAH,Coyote Coah.,14.5
-100.93,25.56,ARACL,COAH,Ramos Arizpe Aeropuerto Coah.,14.0
-102.98,25.76,SPECL,COAH,San Pedro Coah.,14.7
-102.06,26.98,CCGCL,COAH,Cuatro CiÈnegas Coah.,14.0
-101,27.42,PRSCL,COAH,Progreso Coah.,12.6
-100.62,27.52,VCRCL,COAH,Venustiano Carranza Coah.,13.3
-101.12,27.85,SBNCL,COAH,Sabinas Coah.,13.0
-100.9,29.03,ZPTCL,COAH,Zapata Coah.,12.3
-100.95,29.03,SMGCL,COAH,San Miguel Coah.,13.9
-100.95,29.33,CDACL,COAH,Ciudad AcuÒa Coah.,12.0
-101.06,29.45,AMSCL,COAH,Internacional La Amistad Coah.,11.8
-100.84,28.34,ADLCL,COAH,Allende Coah.,13.2
-102.81,25.33,VSCCL,COAH,Viesca Coah.,16.3
-101.02,25.38,SALCL,COAH,Observatorio de Saltillo Coah.,14.8
-101.02,25.38,SALTILLOob,COAH,Observatorio de Saltillo Coah. SMN*,14.2
-103.23,25.53,MATCL,COAH,Matamoros Coah.,14.6
-100.95,27.52,VCARRANZA,COAH,Venustiano Carranza Coah. SMN*,15.2
-101.33,27.92,NUEVAROSITA,COAH,Nueva Rosita Coah. SMN*,14.4
-101.71,28.01,MORELOSMUZQUIZ,COAH,Morelos M˙zquiz Coah. SMN*,13.0
-101.21,28.4,SANTACECILIA,COAH,Santa Cecilia Coah. SMN*,11.5
-100.57,28.68,PNEGRASob,COAH,Observatorio de Piedras Negras Coah. SMN*,13.8
-102.52,28.83,OCAMPO,COAH,Ocampo Coah. SMN*,9.7
-100.92,25.44,ESLCL,COAH,SecretarÌa de Agricultura Saltillo Coah.,12.6
-101.42,26.91,MCVCL,COAH,Observatorio de Monclova Coah.,13.8
-102.04,26.99,CUATROCIENEGAS,COAH,Cuatro CiÈnegas Coah. SMN*,13.1
-100.53,28.71,PNGCL,COAH,Observatorio de Piedras Negras Coah.,12.7
-103.87,19.17,LAECM,COL,La Esperanza Col.,23.8
-103.73,18.76,CDOCM,COL,Cerro de Ortega Col.,24.8
-103.77,18.81,LDACM,COL,Laguna de Amela Col.,24.4
-103.87,18.91,TCMCM,COL,Tecom·n Col.,27.4
-103.8,19.21,CQMCM,COL,Coquimatl·n Col.,25.0
-103.73,19.22,LPSCM,COL,La Posta Col.,25.0
-104.1,18.94,RDRCM,COL,Radar Col.,24.5
-103.81,19.33,PNTCM,COL,PeÒitas Col.,26.3
-103.6,19.32,CUACM,COL,CuauhtÈmoc Col.,24.7
-110.95,18.73,ISOCORROMAR,COL,Isla Socorro Col. SEMAR*,23.2
-104.32,19.05,MANZANILLOob,COL,Observatorio de Manzanillo Col. SMN*,24.9
-104.3,19.07,MANZANILLOMAR,COL,Manzanillo Col. SEMAR*,24.1
-103.73,19.23,COLIMAob,COL,Observatorio de Colima Col. SMN*,24.8
-104.32,19.04,MNZCM,COL,Observatorio de Manzanillo Col.,25.4
-103.88,19.11,DJLCM,COL,Presa derivadora Jala Col.,24.4
-103.61,19.25,BVSCM,COL,Buenavista Col.,23.7
-104.56,25.18,RDODR,DGO,Rodeo Dgo.,13.6
-102.78,24.63,SJGDR,DGO,San Juan de Guadalupe Dgo.,15.7
-104.29,25.56,SPGDR,DGO,San Pedro del Gallo Dgo.,14.2
-103.35,24.47,SCLDR,DGO,Santa Clara Dgo.,11.0
-104.68,23.87,SBYDR,DGO,Santiago Bayacora Dgo.,11.6
-104.75,23.96,GVCDR,DGO,Presidente Guadalupe Victoria Dgo.,11.7
-103.96,24,FVLDR,DGO,Francisco Villa Dgo.,12.5
-104.67,24.03,DRGDR,DGO,Durango Dgo.,12.6
-104.12,24.44,CGVDR,DGO,Ciudad Guadalupe Victoria Dgo.,10.8
-104.75,24.5,CNTDR,DGO,Canatl·n Dgo.,11.4
-104.81,24.54,CBRDR,DGO,Caboraca Dgo.,10.2
-106.54,24.7,TDRDR,DGO,El Tule del Real Dgo.,21.4
-103.7,24.87,CNCDR,DGO,CuencamÈ Dgo.,14.1
-105.42,25.04,SPPDR,DGO,Santiago Papasquiaro Dgo.,12.4
-105.44,25.22,SACDR,DGO,SalomÈ Acosta Dgo.,9.8
-104.07,25.26,AM2DR,DGO,AgustÌn Melgar Dgo. SMN*,12.4
-103.77,25.27,FZRDR,DGO,Francisco Zarco Dgo.,13.7
-105.25,25.5,GESDR,DGO,General Escobedo Dgo.,10.1
-103.52,25.53,CLRDR,DGO,Ciudad Lerdo Dgo.,14.4
-105.02,25.59,LCRDR,DGO,L·zaro C·rdenas Dgo.,14.0
-103.85,25.82,MPMDR,DGO,MapimÌ Dgo.,12.6
-105.37,25.95,SMODR,DGO,Santa MarÌa del Oro Dgo.,8.3
-103.44,26.11,THODR,DGO,Tlahualilo Dgo.,14.1
-104.93,26.24,VHGDR,DGO,Villa Hidalgo Dgo.,11.2
-105.56,26.44,SGBDR,DGO,San Gabriel Dgo.,10.6
-105.51,26.45,VOCDR,DGO,Villa Ocampo Dgo.,10.6
-104.12,26.52,CEBDR,DGO,Ceballos Dgo.,13.8
-105.5,26.44,VILLAOCAMPO,DGO,Villa Ocampo Dgo. SMN*,10.4
-104.66,24.2,PAGDR,DGO,PeÒa del ¡guila Dgo.,11.0
-104.33,24.54,PDCDR,DGO,P·nuco de Coronado Dgo.,9.3
-104.28,25.08,SLCDR,DGO,San Luis del Cordero Dgo.,10.7
-103.98,23.74,VGCDR,DGO,Vicente Guerrero Dgo.,11.2
-105.35,23.69,SLTDR,DGO,El Salto Dgo.,6.6
-104.92,24.8,GUADR,DGO,GuatimapÈ Dgo.,7.5
-104.67,23.87,SB2DR,DGO,Santiago Bayacora hidromÈtrica Dgo.,11.6
-103.96,24,FV2DR,DGO,Francisco Villa hidromÈtrica Dgo.,12.5
-104.66,24.24,PA2DR,DGO,PeÒa del ¡guila hidromÈtrica Dgo.,10.7
-104.8,24.52,CB2DR,DGO,Caboraca hidromÈtrica Dgo.,10.3
-102.78,24.56,TGRDR,DGO,El Tigre Dgo.,14.5
-104.25,23.39,MICHILIA,DGO,La Michilia Dgo. SMN*,7.3
-105.47,24.19,LVEDR,DGO,Las Vegas Dgo. SMN*,6.2
-102.77,24.63,SANJUANGPE,DGO,San Juan Guadalupe Dgo. SMN*,13.0
-104.03,24.79,PBLDR,DGO,PeÒÛn Blanco Dgo.,9.3
-105.33,26.43,SANANTONIO,DGO,San Antonio Dgo. SGT*,9.7
-103.98,26.55,LAFLOR,DGO,La Flor de Jimulco Dgo. SMN*,12.5
-103.75,26.69,MAPIMI,DGO,MapimÌ Dgo. SMN*,13.5
-105.04,23.83,NAVDR,DGO,NavÌos Viejos Dgo.,6.1
-104.75,23.96,GVHDR,DGO,Guadalupe Victoria hidromÈtrica Dgo.,11.7
-106.13,24.44,SJRDR,DGO,San JosÈ de los Reyes Dgo.,16.1
-106.98,24.93,TMZDR,DGO,Tamazula Dgo.,21.0
-104.11,25.23,NZSDR,DGO,Nazas Dgo.,16.1
-105.72,25.34,TLHDR,DGO,Observatorio de Tepehuanes Dgo.,9.9
-106.7,25.35,LHRDR,DGO,La Huerta Dgo.,19.2
-104.9,25.75,RPADR,DGO,Radar Palmito Dgo.,10.1
-105.96,25.93,GNCDR,DGO,GuanacevÌ Dgo.,5.1
-98.5,16.66,QTZGR,GRO,Quetzala Gro.,25.6
-98.51,17.62,IXTGR,GRO,Ixcateopan de Tlapa Gro.,23.3
-99.93,17.6,YXTGR,GRO,Yextla Gro.,18.2
-100.52,18.08,AFIGR,GRO,AndrÈs Figueroa Gro.,28.5
-99.6,18.55,TAXCO,GRO,TAXCO GRO.,19.7
-99.61,18.55,TAXGR,GRO,TAXCO GRO.,20.4
-98.41,16.47,CNLGR,GRO,Cuajinicuilapa Gro.,27.6
-98.43,16.68,OMEGR,GRO,Ometepec Gro.,20.4
-99.75,16.76,ACUGR,GRO,Acapulco Gro. SMN*,26.6
-99.8,16.8,ODAGR,GRO,Observatorio de Acapulco Gro.,26.5
-99.91,16.85,ACAGR,GRO,Acapulco Gro.,26.1
-99.1,16.95,AYUGR,GRO,Ayutla Gro.,25.1
-99.78,16.97,K21GR,GRO,km 21 Gro.,27.3
-100.47,17.14,SJEGR,GRO,San JerÛnimo Gro.,26.6
-99.53,17.17,TCOGR,GRO,Tierra Colorada Gro.,26.7
-100.43,17.21,ATYGR,GRO,Atoyac Gro.,27.0
-101.05,17.38,CYQGR,GRO,Coyuquilla Gro.,27.4
-99.45,17.48,PETGR,GRO,Petaquillas Gro.,20.4
-98.6,17.5,TLPGR,GRO,Tlapa Gro.,22.7
-99.5,17.55,CHIGR,GRO,Chilpancingo Gro.,20.7
-99.4,17.57,TXTGR,GRO,Tixtla Gro.,20.6
-99.5,17.6,ODZGR,GRO,Observatorio de Zumpango Gro.,22.6
-99.18,17.61,CHLGR,GRO,Chilapa Gro.,19.4
-99.7,17.67,CCHGR,GRO,Chichihualco Gro.,19.1
-99.98,17.79,TLAGR,GRO,Tlacotepec Gro.,13.8
-101.55,17.65,ZHTGR,GRO,Zihuatanejo Gro.,29.8
-98.49,17.9,XXHGR,GRO,Xochihuehuetl·n Gro.,22.2
-99.55,18.35,IGLGR,GRO,Iguala Gro.,24.3
-100.66,18.36,CALGR,GRO,Ciudad Altamirano Gro.,26.4
-101,18.42,LCLGR,GRO,La Calera Gro.,23.5
-99.4,18.46,BVSGR,GRO,Buena Vista Gro.,21.2
-99.37,17.47,MCHGR,GRO,Mochitl·n Gro.,22.6
-101.06,17.27,PTOVICENTEMAR,GRO,Puerto Vicente Gro. SEMAR*,27.0
-102.12,17.98,PETACALCO,GRO,Petacalco Gro. SMN*,26.0
-99.47,18.3,VTRGR,GRO,Valerio Trujano Gro.,25.2
-99.23,16.76,LASVIGAS,GRO,Las Vigas Gro. ProtecciÛn Civil*,26.6
-98.74,17.78,OLNGR,GRO,Olinal· Gro.,24.9
-99.52,17.58,AERGR,GRO,Observatorio de Chilpancingo Aeropuerto Gro.,22.8
-98.97,16.61,COPGR,GRO,Copala Gro.,26.1
-99.75,16.76,ACAPULCOob,GRO,Observatorio de Acapulco Gro. SMN*,26.7
-99.48,16.8,SNMGR,GRO,San Marcos Gro.,24.8
-101.47,21.07,COMGJ,GTO,Comanjilla Gto.,16.1
-101.22,21.48,SFEGJ,GTO,San Felipe Gto.,11.6
-100.36,20.2,CORGJ,GTO,Coroneo Gto.,13.7
-101.11,21.32,LQMGJ,GTO,La Quemada Gto.,11.2
-100.5,21.22,POZGJ,GTO,Pozos Gto.,13.8
-101.02,20.43,SMAGJ,GTO,San Miguel de Allende Gto.,15.4
-100.75,20.58,SMOGJ,GTO,San Miguel Octopan Gto.,15.4
-100.71,20.03,ACNGJ,GTO,Ac·mbaro Gto.,16.4
-100.67,20.06,SLSGJ,GTO,SolÌs Gto.,16.9
-100.52,20.15,JCRGJ,GTO,JerÈcuaro Gto.,15.9
-100.9,20.28,ECBGJ,GTO,El Cubo Gto.,14.2
-100.89,20.22,SLVGJ,GTO,Salvatierra Gto.,15.5
-101.36,20.28,LJIGJ,GTO,Las JÌcamas Gto.,17.0
-101.07,20.29,LDYGJ,GTO,Laguna de Yuriria Gto.,16.0
-101.07,20.3,SRTGJ,GTO,Santa Rita Gto.,15.2
-101.18,20.38,VDSGJ,GTO,Valle de Santiago Gto.,15.3
-101.54,20.45,ABSGJ,GTO,Abasolo Gto.,17.6
-101.74,20.44,GLNGJ,GTO,La Golondrina Gto.,16.3
-100.62,20.45,APSGJ,GTO,Apaseo el Alto Gto.,17.9
-100.96,20.49,CRTGJ,GTO,Cort·zar Gto.,17.0
-101.63,20.5,ATBGJ,GTO,Agua Tibia Gto.,15.8
-101.11,20.52,PERGJ,GTO,Pericos Gto.,15.3
-100.82,20.54,CLYGJ,GTO,Celaya Gto.,15.1
-100.58,20.55,AMCGJ,GTO,Ameche Gto.,15.4
-101.2,20.57,SLMGJ,GTO,Salamanca Gto.,16.9
-101.3,20.6,TEMGJ,GTO,TemascatÌo Gto.,17.5
-101.67,20.62,CRMGJ,GTO,Cuer·maro Gto.,18.2
-101.84,20.68,LADGJ,GTO,Las Adjuntas Gto.,15.5
-101.35,20.68,IRPGJ,GTO,Irapuato Gto.,15.7
-101.37,20.72,ECNGJ,GTO,El Conejo Gto.,16.1
-100.83,20.85,IALGJ,GTO,Ignacio Allende Gto.,15.5
-101.29,20.87,PRSGJ,GTO,La PurÌsima Gto.,17.0
-100.9,20.95,CSRGJ,GTO,Cinco SeÒores Gto.,13.7
-101.84,21.05,BRRGJ,GTO,El Barrial Gto.,14.9
-101.69,21.14,LENGJ,GTO,LeÛn Gto.,17.8
-100.93,21.15,DHGGJ,GTO,Dolores Hidalgo Gto.,14.2
-101.68,21.17,EPLGJ,GTO,El Palote Gto.,16.5
-101.67,21.2,CSTGJ,GTO,Los Castillos Gto.,16.9
-101.63,21.29,BARBOSA,GTO,Barbosa Gto. ProtecciÛn Civil*,14.3
-100.09,21.3,XICGJ,GTO,Xich˙ Gto.,17.2
-100.52,21.3,SLPGJ,GTO,San Luis de la Paz Gto.,12.9
-101.48,21.65,OCMGJ,GTO,Ocampo Gto.,11.8
-100.88,20.4,LGVGJ,GTO,Presa la Gavia Gto.,14.5
-101.63,20.51,CORRALEJO,GTO,Corralejo Hidalgo Gto. ProtecciÛn Civil*,17.9
-101.24,20.87,ECHGJ,GTO,El ChapÌn Gto.,15.6
-101.25,21.02,GUANAJUATOob,GTO,Observatorio de Guanajuato Gto. SMN*,17.1
-100.88,21.1,PNLGJ,GTO,PeÒuelitas Gto.,13.7
-100.5,21.22,MINERALPOZOS,GTO,Mineral de Pozos Gto. ProtecciÛn Civil*,13.4
-99.83,21.32,SGORDAII,GTO,Sierra Gorda 2 Gto. SMN*,14.1
-102,20.8,FRIAS,GTO,FrÌas Gto. ProtecciÛn Civil*,16.3
-100.82,20.85,PALGJ,GTO,Presa Allende Gto. SMN*,15.2
-101.27,21.01,GTOGJ,GTO,Observatorio de Guanajuato Gto.,15.8
-99.31,19.96,PRQHD,HGO,Requena Hgo.,15.2
-98.33,20.06,PERHD,HGO,La Esperanza Hgo.,13.5
-98.75,20.12,PCOHD,HGO,Observatorio de Pachuca Hgo.,14.8
-99.36,20.16,ENDHD,HGO,EndhÛ Hgo.,16.0
-99.22,20.24,MXQHD,HGO,Mixquiahuala Hgo.,15.4
-98.94,20.27,ACTHD,HGO,Actopan Hgo.,14.2
-99.33,20.36,PRGHD,HGO,Javier Rojo GÛmez Hgo.,15.4
-99.38,20.44,PVAHD,HGO,Vicente Aguirre Hgo.,15.0
-99.22,20.48,IXMHD,HGO,Ixmiquilpan Hgo.,15.7
-98.76,20.59,LMTHD,HGO,Metztitl·n Hgo.,19.8
-98.65,20.65,ZXTHD,HGO,Zacualtip·n Hgo.,13.0
-99.5,20.66,ZMPHD,HGO,Ing. Fernando Hiriart Balderrama Hgo.,18.7
-98.35,21.02,ATCHD,HGO,Atlapexco Hgo.,20.6
-98.42,21.15,HJTHD,HGO,Huejutla Hgo.,21.0
-98.27,19.97,TEZONCUALPA,HGO,Tezoncualpa Hgo. OCAVM*,13.6
-98.75,20.12,PACHUCAob,HGO,Observatorio de Pachuca Hgo. SMN*,14.8
-98.13,20.14,LAGUNA,HGO,La Laguna Hgo. FENIX*,11.6
-98.72,20.19,ELCHICO,HGO,El Chico Hgo. SMN*,10.7
-98.08,20.46,HHTHD,HGO,Huehuetla Hgo.,19.2
-99.22,20.87,MARMOLES,HGO,Los M·rmoles Hgo. SMN*,12.7
-98.47,19.73,ITESAAPAN,HGO,ITESA Apan Hgo. SMN*,11.9
-98.37,20.08,TLGHD,HGO,Observatorio de Tulancingo Hgo.,15.6
-98.36,20.08,TULANCINGOob,HGO,Observatorio de Tulancingo Hgo. SMN*,14.8
-98.6,21.17,ORZHD,HGO,San Felipe Orizatl·n Hgo.,19.1
-103.42,20.44,TLAJOMULCO,JAL,Tlajomulco Jal. SMN*,16.3
-103.4,18.97,TRJCM,JAL,Solidaridad Jal.,25.5
-104.57,19.23,CIHJL,JAL,Cihuatl·n Jal.,26.2
-104.06,19.91,BBAJL,JAL,Basilio Vadillo Jal.,21.4
-103.2,20.29,LDCJL,JAL,Lago de Chapala Jal.,18.8
-102.71,20.29,JMYJL,JAL,Jamay Jal.,14.9
-103.09,20.4,ATQJL,JAL,Atequiza Jal.,17.0
-102.25,20.48,HUAJL,JAL,Huascato Jal.,16.7
-104.05,20.55,RAMJL,JAL,RÌo Ameca Jal.,16.6
-102.5,20.55,ATOTONILCOCFE,JAL,Atotonilco Jal. CFE*,16.9
-103.32,20.58,TLAJL,JAL,Tlaquepaque Jal.,18.8
-103.36,20.58,PITJL,JAL,ProtecciÛn a Infraestructura y AtenciÛn a Emergencias Jal.,18.1
-103.85,20.6,VEGJL,JAL,Ing. Santiago Camarena Jal.,17.2
-103.35,20.68,GUAJL,JAL,Guadalajara Centro Jal.,17.1
-103.34,20.72,EXPJL,JAL,La Experiencia Jal.,17.9
-103.45,20.75,BAZJL,JAL,Base AÈrea Zapopan Jal.,15.7
-103.45,21.07,CXTJL,JAL,Cuixtla Jal.,20.7
-102.85,21.13,CUNJL,JAL,La CuÒa Jal.,18.2
-102.5,21.3,SGRJL,JAL,San Gaspar de los Reyes Jal.,12.7
-101.85,21.35,SAUJL,JAL,La Sauceda Jal.,14.1
-101.92,21.36,LDMJL,JAL,Lagos de Moreno Jal.,14.1
-102.58,21.45,TCAJL,JAL,Teocaltiche Jal.,15.5
-101.74,21.5,CRTJL,JAL,El Cuarenta Jal.,15.1
-102.44,21.6,AJJJL,JAL,Ajoj˙car Jal.,13.8
-103.2,22.17,TENJL,JAL,Tenasco Jal.,14.0
-102.77,19.29,CHLMC,JAL,ConstituciÛn de Apatzing·n Jal.,27.0
-103.78,21.83,BLNJL,JAL,BolaÒos Jal.,19.6
-103.23,22.33,ACHZC,JAL,Achimec Jal.,12.8
-103.72,22.41,BCSJL,JAL,Bocas Jal.,14.3
-104.29,19.85,ELCJL,JAL,El Corcovado Jal.,21.6
-103.92,19.46,SMANANTLANI,JAL,Sierra Manatl·n 1 Jal. SMN*,13.7
-103.59,19.59,NEVADOCOLIMA,JAL,Nevado de Colima Jal. SMN*,8.5
-103.46,19.73,CDGUZMANob,JAL,Observatorio de Ciudad Guzm·n Jal. SMN*,18.2
-105.13,20,RIOTOMATLAN,JAL,RÌo Tomatl·n Jal. SMN*,24.7
-103.42,20.27,JOCJL,JAL,Jocotepec Jal. SMN*,16.8
-103.2,20.29,CHAJL,JAL,Chapala 1 Jal. SMN*,18.8
-103.39,20.71,GUADALAJARAob,JAL,Observatorio de Guadalajara  Jal. SMN*,16.8
-102.71,21.04,ELSALTO,JAL,El Salto Jal. SGT*,16.4
-101.94,21.35,LMORENOob,JAL,Observatorio de Lagos de Moreno Jal. SMN*,16.7
-104.56,19.63,CHFJL,JAL,El ChiflÛn Jal,23.4
-103.47,19.7,CGZJL,JAL,Observatorio de Ciudad Guzm·n Jal.,17.8
-103.03,20.17,TZPJL,JAL,Tizap·n Jal.,18.1
-103.39,20.71,GUCJL,JAL,Observatorio de Guadalajara Jal.,16.8
-103.25,22.13,CLTJL,JAL,Observatorio de Colotl·n Jal.,14.6
-103.59,20.42,ACTJL,JAL,Acatl·n Jal.,16.3
-103.65,20.47,HRTJL,JAL,Hurtado Jal.,15.8
-105.13,20,CPEJL,JAL,CajÛn de PeÒa Jal.,24.9
-99.24,19.53,CLYMX,MEX,Calacoaya MÈx.,14.4
-99.61,19.43,TROMX,MEX,Trojes MÈx.,12.6
-98.87,19.19,SLAMX,MEX,San Luis Ameca MÈx.,13.7
-99.51,19.2,CGCMX,MEX,Gerencia Conagua CODAGEM MÈx.,11.1
-99.71,19.29,TOLUCAob,MEX,Observatorio de Toluca MÈx. SMN*,10.8
-99.28,19.45,PTLMX,MEX,Presa Totolica MÈx.,11.9
-99.24,19.45,EMOMX,MEX,El Molinito RÌo Hondo MÈx.,12.0
-99.78,19.46,PIRMX,MEX,Ignacio RamÌrez MÈx.,10.1
-99.7,19.47,SBBMX,MEX,JosÈ Antonio Alzate MÈx.,9.3
-99.22,19.48,MBLMX,MEX,Molino Blanco MÈx.,15.6
-98.88,19.48,CHPMX,MEX,Chapingo MÈx.,15.3
-99.22,19.57,ARBMX,MEX,Las Arboledas MÈx.,15.2
-98.92,19.58,GRDMX,MEX,La Grande MÈx.,15.6
-99.19,19.62,OBSMX,MEX,San MartÌn Obispo MÈx.,13.8
-99.05,19.63,K27MX,MEX,km 27+250 MÈx.,15.1
-99.96,19.66,TPTMX,MEX,San AndrÈs Tepetitl·n MÈx.,11.4
-99.3,19.7,CNPMX,MEX,La ConcepciÛn MÈx.,13.3
-99.18,19.74,PCGMX,MEX,Puente Colgante MÈx.,12.2
-99.87,19.78,ATPMX,MEX,Atlacomulco Prepa. MÈx.,11.1
-99.56,19.88,DNXMX,MEX,DanxhÛ MÈx.,11.6
-99.86,20.04,PNDMX,MEX,—adÛ MÈx.,10.5
-99.7,20.05,HPNMX,MEX,Huapango MÈx.,9.2
-99.74,20.12,PMNMX,MEX,El Molino MÈx.,10.3
-98.91,19.53,SADMX,MEX,San AndrÈs MÈx.,14.4
-98.91,19.54,ATEMX,MEX,Atenco MÈx.,13.9
-99.39,19.83,TXMHD,MEX,Taxhimay MÈx.,13.5
-99.6,19.21,RECMX,MEX,RectorÌa MÈx.,12.4
-99.7,19.33,CALMX,MEX,Calixtlahuaca MÈx.,10.8
-99.8,19.63,SMLMX,MEX,Santa MarÌa del Llano MÈx.,11.6
-99.79,19.83,PFBMX,MEX,Francisco JosÈ Trinidad Fabela MÈx.,11.1
-99.94,18.93,TESMX,MEX,Texcaltitl·n MÈx.,13.3
-99.8,19.34,TBRMX,MEX,Tres Barrancas MÈx.,10.1
-99.91,19.86,TJCMX,MEX,El Tejocote MÈx.,12.0
-99.77,19.57,IXCMX,MEX,Ixtlahuaca MÈx.,12.1
-99.74,19.59,SLBMX,MEX,San Bartolo del Llano MÈx.,10.0
-99.44,18.86,ALAMEDA1,MEX,Alameda 1 MÈx. FENIX*,19.6
-99.68,19.12,NEVMX,MEX,Nevado de Toluca MÈx. SMN*,3.7
-98.77,19.32,MAVILACAMACHO,MEX,Manuel ¡vila Camacho MÈx. OCAVM*,8.1
-98.83,19.5,SANCTORUM,MEX,Sanctorum MÈx. OCAVM*,10.9
-99.27,19.52,PREMX,MEX,Presa MadÌçn MÈx. SMN*,13.6
-99.47,18.8,CHDMX,MEX,Colonia Hidalgo MÈx,22.7
-99.42,18.99,OCUMX,MEX,Ocuil·n de Arteaga MÈx,13.7
-99.96,19.21,CDEPIEDRAS,MEX,Corral de Piedras Mex. SMN*,6.6
-99.63,19.29,COBMX,MEX,Observatorio de Toluca MÈx.,11.9
-100.14,19.31,DONATOGUERRA,MEX,Donato Guerra Mex. SMN*,11.3
-98.88,19.33,IXTAPALUCA,MEX,Ixtapaluca MÈx. OCAVM*,16.0
-100.08,19.38,VALLEDEBRAVO,MEX,Valle de Bravo MÈx. SMN*,10.5
-99.28,19.45,TTLMX,MEX,Totolica hidromÈtrica MÈx.,16.5
-99.97,19.54,CDELCERRILLO,MEX,Centro del Cerrillo Mex. OCAVM*,16.9
-99.52,19.57,CCAMX,MEX,Cerro Catedral MÈx. SMN*,6.5
-98.86,19.64,SNLMX,MEX,San Lucas MÈx,12.7
-99.87,19.78,ATLMX,MEX,Atlacomulco MÈx. SMN*,12.3
-99.12,19.9,TTQMX,MEX,Tajo de Tequixquiac MÈx,12.9
-99.76,19.24,SJHMX,MEX,San Juan de las Huertas MÈx.,10.3
-101.66,19.93,AMEMC,MICH,Aristeo Mercado Mich.,15.9
-102.18,18.05,VILMC,MICH,JosÈ MarÌa Morelos y PavÛn Mich.,27.7
-101.88,18.27,INFMC,MICH,Infiernillo Mich.,27.9
-100.9,18.5,CMNMC,MICH,Caimanera Mich.,26.0
-102.2,18.8,LPSMC,MICH,La PastorÌa Mich.,27.0
-101.93,18.92,ZICMC,MICH,Zicuir·n Mich.,27.8
-102.37,19.08,APTMC,MICH,Apatzing·n Mich.,25.6
-102.87,19.21,LOLMC,MICH,Los Olivos Mich.,24.7
-101.05,19.49,PDBMC,MICH,Planta de Bombeo Mich.,16.1
-100.61,19.58,AGOMC,MICH,Agostitl·n Mich.,12.2
-100.68,19.62,PUCMC,MICH,Pucuato Mich.,11.7
-101.26,19.63,COIMC,MICH,CoÌntzio Mich.,15.3
-101.2,19.7,MNOMC,MICH,Morelia Norte Mich.,17.3
-101.1,19.7,MCEMC,MICH,Morelia Centro Mich.,16.5
-100.55,19.7,CHIMC,MICH,Ciudad Hidalgo Mich.,14.6
-100.87,19.83,MLPMC,MICH,MalpaÌs Mich.,14.6
-102.65,19.84,SJUMC,MICH,San Juanico Mich.,16.8
-100.44,19.89,MRVMC,MICH,MaravatÌo Mich.,15.2
-100.45,19.97,EGIMC,MICH,El Gigante Mich.,16.3
-102.27,19.97,CHAMC,MICH,Chaparaco Mich.,15.9
-100.23,20,TEPMC,MICH,Tepuxtepec Mich.,13.3
-100.41,19.84,LDFMC,MICH,Laguna del Fresno Mich.,16.5
-102.72,20.07,SAHMC,MICH,Sahuayo Mich.,16.3
-102.4,20.1,SSIMC,MICH,San SimÛn Mich.,17.1
-101.72,20.13,ANGMC,MICH,Angamacutiro Mich. SMN*,17.1
-101.72,20.13,MOCMC,MICH,Melchor Ocampo Mich.,16.4
-102.75,20.15,LPAMC,MICH,La Palma Mich.,17.2
-101.86,20.21,CORMC,MICH,Corrales Mich.,16.4
-101.63,20.25,LANMC,MICH,Los ¡ngeles Mich.,16.8
-101.6,20.3,PORMC,MICH,Pastor Ortiz Mich.,17.4
-102.44,20.3,DGNMC,MICH,De Gonzalo Mich.,18.6
-101.46,20.32,CBLMC,MICH,Casa Blanca Mich.,16.1
-102.24,20.34,YURMC,MICH,YurÈcuaro Mich.,18.2
-102,20.35,LPDMC,MICH,La Piedad Mich.,18.7
-102.6,19.96,JARMC,MICH,Jaripo Mich.,17.0
-102.54,19.98,GUAMC,MICH,Guaracha Mich.,17.8
-102.42,20.18,BIBMC,MICH,Barraje de Ibarra Mich.,16.5
-102.46,20.21,SCRMC,MICH,San CristÛbal Mich.,15.4
-102.13,18.85,LPNMC,MICH,Los Panches Mich.,25.2
-102.18,17.94,LCARDENASMAR,MICH,L·zaro C·rdenas Mich. SEMAR*,26.1
-100.29,19.54,MMONII,MICH,Mariposa Monarca 2 Mich. SMN*,9.5
-100.28,19.67,MMONARCAI,MICH,Mariposa Monarca 1 Mich. SMN*,8.1
-100.3,19.77,TMUMC,MICH,Tercer Mundo Mich.,13.3
-100.23,20,TEPUXTEPECF,MICH,Tepuxtepec Mich. FENIX*,14.0
-102.21,18.02,MLCMC,MICH,Melchor Ocampo L.C. Mich.,26.7
-102.08,19.42,URUAPAN,MICH,Uruapan Mich. SMN*,15.8
-101.18,19.69,MORMC,MICH,Observatorio de Morelia Mich.,17.1
-101.2,19.7,MORELIAob,MICH,Observatorio de Morelia Mich. SMN*,17.5
-102.32,19.98,ZAMORAob,MICH,Observatorio de Zamora Mich. SMN*,17.9
-102.28,20.01,ZAMMC,MICH,Observatorio de Zamora Mich.,18.0
-99.32,18.63,PIXMR,MOR,Puente de Ixtla Mor.,21.8
-98.76,18.88,OCTMR,MOR,Ocuituco Mor.,18.0
-98.83,18.95,ACHMR,MOR,Achichipico Mor.,18.4
-98.75,18.88,HUEMR,MOR,Hueyapan Mor.,14.3
-99.04,18.58,SPHMR,MOR,San Pablo Hidalgo Mor.,23.6
-99.02,18.44,HUTMR,MOR,Huautla Mor.,21.2
-99.31,18.49,TILMR,MOR,Tilzapotla Mor.,22.3
-99.18,18.57,HIGMR,MOR,HiguerÛn Mor.,24.3
-98.84,18.6,TPLMR,MOR,Tepalcingo Mor.,21.8
-99.38,18.6,AMCMR,MOR,Amacuzac Mor.,21.3
-99.2,18.6,JOJMR,MOR,Jojutla Mor.,23.5
-99.42,18.61,HUAMR,MOR,Huajintl·n Mor.,22.6
-98.91,18.68,LCUMR,MOR,La Cuera Mor.,20.9
-98.8,18.7,JNCMR,MOR,Jonacatepec Mor.,19.7
-99,18.73,MYOMR,MOR,Moyotepec Mor.,22.2
-99.26,18.73,ALUMR,MOR,Alpuyeca Mor.,21.6
-99.33,18.77,RODMR,MOR,El Rodeo Mor.,23.2
-98.79,18.78,TMCMR,MOR,Temoac Mor.,18.0
-98.95,18.81,CUAMR,MOR,Cuautla Mor.,18.4
-98.75,18.81,TLOMR,MOR,Tlacotepec Mor.,17.9
-99.2,18.9,CUEMR,MOR,Cuernavaca Mor.,19.9
-99.22,18.86,TEMMR,MOR,Temixco Mor.,22.8
-99.05,18.9,YAHMR,MOR,Yautepec Mor.,20.4
-98.9,18.9,OAXMR,MOR,Oaxtepec Mor.,20.4
-99.19,18.92,SLDMR,MOR,Solidaridad Mor.,18.9
-99.26,19.03,HUIMR,MOR,Huitzilac Mor.,12.1
-98.94,19.04,TLCMR,MOR,Tlacualera Mor.,11.4
-99.14,18.52,NEXMR,MOR,Nexpa Mor.,23.2
-98.79,18.69,ELPMR,MOR,El PeÒÛn Mor.,19.9
-98.93,18.95,ATLMR,MOR,Atlatlahucan Mor.,18.3
-99.25,19.05,TRESMARIAS,MOR,Tres MarÌas Mor. SMN*,10.8
-99.25,18.68,XXOMR,MOR,Xoxocotla Mor.,22.0
-99.03,18.92,OACMR,MOR,Oacalco Mor.,21.1
-99.16,18.77,PROMR,MOR,Progreso Mor.,20.8
-98.94,18.54,SHUAUTLA,MOR,Sierra de Huautla Mor. SMN*,23.0
-99.25,18.61,TQGMR,MOR,Tequesquitengo Mor.,23.5
-99.38,18.7,CUTMR,MOR,Cuautlita Mor.,22.8
-99.43,18.87,PAPMR,MOR,Palpan Mor.,20.1
-98.71,18.88,TETMR,MOR,Tetela del Volc·n Mor.,16.9
-99.16,18.88,IMTMR,MOR,Instituto Mexicano de TecnologÌa del Agua Mor. SMN*,21.0
-98.78,18.94,HUXMR,MOR,Huecahuaxco Mor.,15.9
-103.74,24.4,NIRDR,MOR,Granja Nirvana Dgo.,16.1
-98.96,18.85,CASMR,MOR,Casasano Mor.,20.5
-99.2,18.65,ZCTMR,MOR,Observatorio de Zacatepec Mor.,22.8
-99.22,18.91,OBSMR,MOR,Observatorio de Cuernavaca Mor.,19.1
-98.92,18.99,TOTMR,MOR,Totolapan Mor.,18.8
-99.31,19.05,LZEMPOALA,MOR,Lagunas de Zempoala Mor. SMN*,9.1
-105.11,21.83,CAPNR,NAY,Capomal Nay.,21.9
-104.52,22.25,JMANR,NAY,Jes˙s MarÌa Nay.,23.5
-105.38,22.47,ACAPONETA,NAY,Acaponeta Nay. SMN*,21.1
-104.3,21.04,IXTLANRIO,NAY,Ixtl·n del RÌo Nay. SMN*,18.7
-105.29,21.53,SANBLASMAR,NAY,San Blas Nay. SEMAR*,19.7
-106.54,21.63,ISLASMARIASMAR,NAY,Islas MarÌas Nay. SEMAR*,20.7
-104.89,21.49,TEPNR,NAY,Observatorio de Tepic Nay.,20.0
-100.17,23.68,DARNL,NL,Doctor Arroyo N.L.,15.0
-99.78,23.98,ZRGNL,NL,Zaragoza N.L.,15.0
-99.82,24.1,ARRNL,NL,Aramberri N.L.,14.9
-99.91,24.32,ASCNL,NL,La AscensiÛn N.L.,9.9
-99.7,24.78,CRUNL,NL,Crucitas N.L.,15.9
-100.08,24.83,GALNL,NL,Galeana N.L.,11.2
-99.58,24.87,CAMNL,NL,Camacho N.L.,17.5
-99.4,24.94,CPRNL,NL,JosÈ LÛpez Portillo N.L.,16.6
-99.22,24.99,PAMNL,NL,La Pamona N.L.,16.8
-100.55,25.03,SRANL,NL,San Rafael N.L.,9.8
-99.83,25.17,MTMNL,NL,Montemorelos N.L.,14.6
-99.53,25.5,LERNL,NL,Las Enramadas N.L.,15.7
-100.2,25.52,ECSNL,NL,El Cerrito N.L.,14.4
-100.27,25.68,MTRNL,NL,Monterrey N.L.,16.8
-100.27,25.8,CANNL,NL,El Canad· N.L.,15.8
-99.2,26.02,MDRNL,NL,Madero N.L.,16.2
-99.61,26.09,CRVNL,NL,Cerralvo N.L.,13.8
-100.13,27.24,ANHNL,NL,An·huac N.L.,14.1
-100.12,23.42,MYNNL,NL,Mier y Noriega N.L.,15.9
-99.44,24.98,CARNL,NL,Carmen de los Elizondo Linares N.L.,16.0
-100.39,25.56,CDEMTYI,NL,Cumbres de Monterrey 1 N.L. SMN*,16.0
-100.31,25.58,ELDIENTE,NL,El Diente N. L. SMN*,15.6
-100.13,25.43,LBCNL,NL,Rodrigo GÛmez N.L.,15.6
-99.28,25.71,CCHNL,NL,Cuchillo Solidaridad N.L.,15.9
-96.3,17.78,VANOX,OAX,Valle Nacional Oax.,23.2
-96.53,17.43,ATEOX,OAX,Atepec Oax.,16.3
-96.45,17.12,SMAOX,OAX,San Antonio Cuajimoloyas Oax.,9.0
-96.72,15.81,COZOX,OAX,San Francisco Cozoaltepec Oax.,25.9
-95.7,16.01,ASTOX,OAX,Astata Oax.,26.7
-95.48,16.59,RHOOX,OAX,RÌo Hondo Oax.,25.1
-94.22,16.4,ZANOX,OAX,Zanatepec Oax.,26.9
-95.6,16.42,TEQOX,OAX,Tequisistl·n Oax.,26.1
-94.4,16.5,OSTOX,OAX,Ostuta Oax.,25.5
-95.1,16.58,IXTOX,OAX,Ixtepec Oax.,27.3
-94.82,16.58,CHIOX,OAX,Chicapa Oax.,26.0
-95.93,16.65,BOQOX,OAX,Boquilla 1 Oax.,23.1
-96.7,17,OAOOX,OAX,Observatorio de Aeropuerto Oaxaca Oax.,19.5
-96.73,17.07,OACOX,OAX,Oaxaca Centro Oax.,21.0
-96.72,17.07,BAEOX,OAX,Base AÈrea Oax.,19.2
-97.78,17.81,HLOOX,OAX,Observatorio de Huajuapan de LeÛn Oax.,18.8
-96.2,17.87,JACOX,OAX,Jacatepec Oax.,21.4
-96.53,17.88,SFUOX,OAX,San Felipe Usila Oax.,20.8
-96.26,18,CDOOX,OAX,Miguel de la Madrid Hurtado Oax.,21.9
-96.41,18.23,TEMOX,OAX,Presidente Alem·n Oax.,22.9
-95.92,17.73,RMLOX,OAX,RÌo Manso Lalana Oax.,23.9
-98.14,17.5,SLAOX,OAX,Silacayo·pam Oax.,19.0
-97.42,17.55,TEPOX,OAX,San Juan Teposcolula Oax.,14.3
-97.82,17.75,FOYOX,OAX,San Francisco Yosocuta Oax.,19.6
-98.39,17.76,ZALOX,OAX,Zapotitl·n Lagunas Oax.,20.1
-97.82,17.89,ZAPOX,OAX,Zapotitl·n Palmas Oax.,22.2
-97.54,17.73,STTOX,OAX,Santiago Teotongo Oax.,14.0
-95.37,16.43,EMAOX,OAX,El MarquÈs Oax.,27.3
-96.55,17.27,SCIOX,OAX,Ixtepeji Oax.,16.6
-97.72,17.53,AMTOX,OAX,San Antonino Monte Verde Oax.,17.7
-97.68,18.19,SNCOX,OAX,Santiago Chazumba Oax.,17.6
-97.81,17.65,TSLOX,OAX,Heroica Villa Tezoatl·n de Segura y Luna Oax.,18.9
-97.78,17.81,HDLOX,OAX,Huajuapan de LeÛn Oax.,18.6
-97.02,17.46,CMTOX,OAX,Santiago Camotl·n Oax.,17.1
-98.28,17.53,CALOX,OAX,Calihual· Oax.,20.5
-96.1,17.02,AYUOX,OAX,Ayutla Oax.,8.1
-97.69,15.97,LCHACAHUA,OAX,Laguna Chacahua Oax. SMN*,27.1
-95.19,16.17,SALINACRUZmar,OAX,Salina Cruz Oax. SEMAR*,27.8
-95.04,16.88,MROOX,OAX,MatÌas Romero Oax. SMN*,22.6
-96.72,17,OAXACAob,OAX,Observatorio de Oaxaca Oax. SMN*,19.8
-97.84,17.16,SACOX,OAX,San AndrÈs Chicahuaxtla Oax.,13.6
-97.25,17.44,NOCHISTLAN,OAX,Nochistl·n Oax. SMN*,15.0
-97.77,17.79,HUAJUAPANob,OAX,Observatorio de Huajuapan de LeÛn Oax. SMN*,19.1
-98.05,16.35,PNTOX,OAX,Pinotepa Oax. SMN*,27.3
-96.48,15.67,PTAOX,OAX,Observatorio de Puerto ¡ngel Oax.,26.7
-95.2,16.18,SCROX,OAX,Observatorio de Salina Cruz Oax.,28.3
-96.58,16.34,MIAHUATLAN,OAX,Miahuatl·n Oax. SMN*,18.0
-97.88,17.23,SMNOX,OAX,San MartÌn Itunyoso Oax.,13.5
-97.68,17.27,TLXOX,OAX,Heroica Ciudad de Tlaxiaco Oax.,14.4
-96.93,17.52,SNAOX,OAX,Santiago Nacaltepec Oax.,13.0
-97.62,17.57,CHDOX,OAX,Chilapa de DÌaz Oax.,18.4
-97.9,17.91,SCHOX,OAX,Santiago Chilixtlahuaca Oax.,20.2
-97.82,19.62,IXTPB,PUE,Ixtacamaxtitl·n Pue.,13.7
-97.01,18.33,ZOQPB,PUE,Zoquitl·n Pue.,16.1
-96.85,18.4,TLPPB,PUE,Tlacotepec de DÌaz Pue.,21.2
-98.57,18.11,CHSPB,PUE,Chila de la Sal Pue.,23.6
-98.26,18.2,PIXPB,PUE,Piaxtla Pue.,21.5
-98.78,18.45,TELPB,PUE,Teotlalco Pue.,21.3
-97.4,18.48,TEHPB,PUE,Tehuac·n Pue.,16.6
-98.58,18.52,CHIPB,PUE,Chietla Pue.,22.4
-98.47,18.61,IZMPB,PUE,Iz˙car de Matamoros Pue.,19.9
-97.91,18.74,SMCPB,PUE,San Miguel Canoa Pue.,12.8
-98.54,18.77,HQCPB,PUE,Huaquechula Pue.,20.4
-97.75,18.88,TECPB,PUE,Tecamachalco Pue.,15.0
-98.11,18.91,BDDPB,PUE,Manuel ¡vila Camacho Pue.,14.0
-97.25,18.92,PCRPB,PUE,Paso Carretas Pue.,11.8
-98.42,18.92,ATXPB,PUE,Atlixco Pue.,17.7
-98.28,18.97,ECHPB,PUE,EcheverrÌa Pue.,15.0
-97.96,18.97,CEMPB,PUE,Cemex Pue.,13.5
-97.44,18.99,CDSPB,PUE,Ciudad Serd·n Pue.,13.1
-98.23,19.01,MAYPB,PUE,Mayorazgo 21 Poniente Pue.,15.9
-98.2,19.02,CNAPB,PUE,Conagua Pue.,17.1
-98.17,19.05,PUOPB,PUE,Observatorio de Puebla Pue.,15.6
-97.93,19.06,ACJPB,PUE,Acajete Pue.,13.2
-98.32,19.07,CHLPB,PUE,Cholula Pue.,15.5
-98.06,19.09,CPLPB,PUE,Capulac Pue.,14.4
-98.46,19.1,HJTPB,PUE,Huejotzingo Pue.,13.8
-97.62,19.25,QUIPB,PUE,Quimixtl·n Pue.,15.4
-97.42,19.45,ACHPB,PUE,Alchichilca Pue.,11.7
-97.69,19.46,LIBPB,PUE,Libres Pue.,14.2
-97.49,19.49,TPYPB,PUE,Tepeyahualco Pue.,14.5
-97.53,19.7,OYAPB,PUE,Oyameles Pue.,11.0
-98.05,19.74,CNGPB,PUE,Chignahuapan Pue.,10.3
-97.36,19.82,TEZPB,PUE,Teziutl·n Pue.,12.9
-97.81,19.83,TEOPB,PUE,Tetela de Ocampo Pue.,13.4
-97.58,19.86,ZCPPB,PUE,Zacapoaxtla Pue.,14.6
-97.79,20,TDRPB,PUE,Tepango de RodrÌguez Pue.,14.9
-98.15,20.03,AHUPB,PUE,Ahuazontepec Pue.,10.7
-98.05,20.18,HUAPB,PUE,Huauchinango Pue.,14.5
-97.83,20.18,ZRGPB,PUE,Zaragoza Pue.,13.3
-97.96,20.28,XDJPB,PUE,Xicotepec de Ju·rez Pue.,15.3
-97.88,20.39,AVCPB,PUE,¡vila Camacho Pue.,21.9
-97.84,20.41,APAPB,PUE,Apapantilla Pue.,20.8
-97.68,20.51,VENPB,PUE,Venustiano Carranza Pue.,15.9
-98.16,18.61,COAPB,PUE,Coatzingo Pue.,21.0
-98.22,19.11,SCRPB,PUE,San CristÛbal Caleras Pue.,13.1
-97.85,20.73,MTLPB,PUE,Metlaltoyuca Pue.,18.8
-98.57,18.68,IZUPB,PUE,Iz˙car de Matamoros Pue. SMN*,20.1
-97.92,18.85,AHAPB,PUE,Ahuatepec Pue.,16.7
-98.58,19.33,SRTPB,PUE,Santa Rita Tlahuapan Pue.,12.8
-97.39,19.89,TEZIUTLAN,PUE,Teziutl·n Pue. SMN*,12.8
-98.05,20.18,UDSPB,PUE,Universidad de la Sierra Pue.,14.5
-98.16,20.28,PAHUATLAN,PUE,Pahuatl·n de Valle Pue. SGT*,16.6
-97.62,18.31,TEHUACAN,PUE,Tehuac·n Pue. SMN*,17.9
-97.72,18.87,UTTPB,PUE,Universidad TecnolÛgica Tecamachalco Pue. SMN*,15.0
-98.14,18.94,AFRPB,PUE,¡fricam Pue.,16.1
-98.42,19.28,SMTPB,PUE,San MartÌn Texmelucan Pue.,13.2
-97.52,20.03,CTZPB,PUE,Cuetzalan del Progreso Pue.,16.9
-97.21,20.13,SJAPB,PUE,San JosÈ Acateno Pue.,20.1
-98.06,18.28,ADOPB,PUE,Acatl·n de Osorio Pue.,21.4
-100.37,20.57,GHQQT,QRO,Gerencia Hidalgo Qro.,16.9
-99.96,20.2,IDFQT,QRO,San Ildefonso Qro.,14.0
-100,20.36,SJSQT,QRO,San JosÈ Qro.,16.8
-100.08,20.42,CNSQT,QRO,ConstituciÛn de 1917 Qro.,16.5
-100.41,20.5,BATQT,QRO,El Bat·n Qro.,15.2
-100.45,20.54,EPUQT,QRO,El Pueblito Qro.,17.0
-100.37,20.57,OBSQT,QRO,Observatorio de QuerÈtaro Qro.,17.2
-100.45,20.7,JRQQT,QRO,Juriquilla Qro.,16.7
-99.82,21.06,PMLQT,QRO,PeÒamiller Qro.,19.4
-99.47,21.21,PJALPAN,QRO,Presa Jalpan Qro. SMN*,19.3
-100.28,20.39,HUIQT,QRO,Huimilpan Qro. SMN*,13.5
-99.17,21.5,SGORDAI,QRO,Sierra Gorda 1 Qro. SMN*,15.5
-87.49,21.1,KANTUNILKIN,QROO,KantunilkÌn Q. Roo. SMN*,23.4
-86.95,20.51,COZQR,QROO,Cozumel Q. Roo.,26.5
-87.08,20.63,PDCQR,QROO,Playa del Carmen Q. Roo.,24.7
-86.82,21.16,CANQR,QROO,Canc˙n Q. Roo.,25.8
-88.88,17.9,LAUNION,QROO,La UniÛn Q. Roo. SMN*,25.0
-87.84,18.28,AXCALAK,QROO,Arrecifes Xcalak Q. Roo. SMN*,26.1
-88.92,18.46,NICOLASBRAVO,QROO,Nicol·s Bravo Q. Roo. SMN*,23.7
-88.7,19.75,JMORELOS,QROO,JosÈ MarÌa Morelos Q. Roo. SMN*,24.0
-86.91,20.48,CO2QR,QROO,Cozumel Q. Roo. SMN*,24.2
-86.78,21.07,CNCQR,QROO,Canc˙n Radar Q. Roo. SMN*,24.7
-88.33,18.5,CHOQR,QROO,Observatorio de Chetumal Q. Roo.,25.0
-88.04,19.58,FCRQR,QROO,Observatorio de Felipe Carrillo Puerto Q. Roo.,23.3
-107.06,24.75,VINSI,SIN,Vinoramas Sin.,18.6
-107.76,25.12,RAVSI,SIN,EstaciÛn Rancho Viejo Sin.,18.6
-105.85,23.09,TORSI,SIN,Las Tortugas Sin.,21.6
-105.85,22.98,RSRSI,SIN,Rosario Sin.,23.6
-106.25,23.35,SQRSI,SIN,Siqueros Sin.,20.3
-106.47,23.56,QLTSI,SIN,Quelite Sin.,19.9
-106.9,23.92,LCRSI,SIN,La Cruz Sin.,19.3
-106.6,23.96,IXPSI,SIN,Ixpalino Sin.,21.8
-106.81,24.57,JLPSI,SIN,JosÈ LÛpez Portillo Sin.,20.5
-107.44,24.63,OBSSI,SIN,Observatorio de Culiac·n Sin.,19.5
-107.1,24.45,SLRSI,SIN,San Lorenzo Sin.,21.2
-107.4,24.82,CLCSI,SIN,Culiac·n Sin.,19.5
-107.47,25.03,AWSSI,SIN,Andrew Weiss Sin.,18.5
-107.84,25.49,SJNSI,SIN,San Juan Sin.,18.9
-107.54,25.33,BDRSI,SIN,Badiraguato Sin.,18.1
-108.09,25.47,GMCSI,SIN,Guam˙chil Sin.,19.5
-108.47,25.72,GSVSI,SIN,Guasave Sin.,18.0
-108.36,25.74,ZOPSI,SIN,El Zopilote Sin.,18.3
-109,25.8,MCHSI,SIN,Los Mochis Sin.,18.4
-108.01,25.9,JNASI,SIN,Jaina Sin.,17.5
-109.18,25.92,AHMSI,SIN,Ahome Sin.,17.5
-109.33,25.98,HDZSI,SIN,Higuera de Zaragoza Sin.,18.0
-108.78,26.07,SFRSI,SIN,Sufragio Sin.,19.1
-109.33,26.1,CRRSI,SIN,El Carrizo Sin.,17.7
-108.7,26.43,JORSI,SIN,Josefa Ortiz de DomÌnguez Sin.,19.2
-108.62,26.43,EFTSI,SIN,El Fuerte Sin.,18.8
-108.58,26.51,PMHSI,SIN,Miguel Hidalgo Sin.,17.4
-109.07,25.59,TOPOLOBAMPOMAR,SIN,Topolobampo Sin. SEMAR*,18.5
-106.65,24.05,ACTSI,SIN,Acatit·n Sin.,19.4
-106.95,24.48,SCRSI,SIN,Santa Cruz Sin.,20.6
-107.16,24.81,SN2SI,SIN,Sanalona hidromÈtrica Sin.,18.2
-107.38,25.09,AL2SI,SIN,El Varejonal hidromÈtrica Sin.,19.5
-107.91,25.86,GD2SI,SIN,Bacurato hidromÈtrica de Gustavo Diaz Ord·z Sin.,19.7
-108.32,26.08,GB2SI,SIN,El Sabinal hidromÈtrica Sin.,18.7
-108.35,26.9,LD2SI,SIN,Huites hidromÈtrica Sin.,18.9
-106.41,23.22,MAZATLANob,SIN,Observatorio de Mazatl·n  Sin. SMN*,19.9
-107.19,24.25,OBISPO,SIN,Obispo Sin. SMN*,18.7
-107.84,25.49,SANJUAN,SIN,San Juan Sin. SMN*,19.2
-108.7,25.7,ARCSI,SIN,Adolfo RuÌz CortÌnes Sin.,18.3
-106.4,23.23,MZTSI,SIN,Observatorio de Mazatl·n Sin.,19.5
-106.7,24.12,SLTSI,SIN,Ing. Aurelio Benassini VizcaÌno Sin.,21.2
-107.4,24.8,CULIACANob,SIN,Observatorio de Culiac·n Sin. SMN*,19.4
-108.48,25.81,ENASI,SIN,EstaciÛn Naranjo Sin.,18.1
-108.33,26.74,CHXSI,SIN,Observatorio de Choix Sin.,17.9
-108.33,26.72,CHOIXob,SIN,Observatorio de Choix Sin. SMN*,18.2
-99.15,21.82,TANCHACHIN,SLP,TanchachÌn S.L.P. SGT*,20.4
-98.76,21.24,TMTSL,SLP,Temamatla S.L.P.,18.2
-98.86,21.25,TBLSL,SLP,Tierra Blanca S.L.P.,20.3
-98.89,21.42,RQTSL,SLP,Requetemu S.L.P.,20.7
-98.62,21.69,SVTSL,SLP,San Vicente S.L.P.,21.5
-98.96,21.75,BLMSL,SLP,Ballesmi S.L.P.,19.8
-99.24,21.91,GANSL,SLP,Gallinas S.L.P.,19.1
-99.16,22.12,MICSL,SLP,Micos S.L.P.,18.7
-101,22.2,SGRSL,SLP,Soledad Graciano S.L.P.,13.9
-99.32,22.52,NRJSL,SLP,Naranjos S.L.P.,16.7
-100.64,23.66,MATSL,SLP,Matehuala S.L.P.,15.1
-99.83,21.65,PMYSL,SLP,Pedro Montoya S.L.P.,19.3
-98.56,21.97,AJTSL,SLP,Las Adjuntas S.L.P.,20.9
-100.94,21.81,GOGORRON,SLP,GogorrÛn S.L.P. SMN*,15.5
-99.03,21.98,CDVALLES,SLP,Ciudad Valles S.L.P. SMN*,21.4
-100.67,23.65,MA2SL,SLP,Matehuala S.L.P. SMN*,14.6
-98.8,21.33,MTPSL,SLP,Observatorio de Matlapa S.L.P.,20.4
-99.15,21.82,TNCSL,SLP,TanchachÌn S.L.P.,20.0
-100,21.93,RVDSL,SLP,Observatorio de RÌo Verde S.L.P.,18.9
-100.02,21.94,CDFERNANDEZ,SLP,Ciudad Fern·ndez S.L.P. SMN*,19.5
-98.77,22,TMISL,SLP,Observatorio de TamuÌn S.L.P.,22.7
-101.02,22.15,SLPSL,SLP,Observatorio de San Luis PotosÌ S.L.P.,14.3
-100,21.92,RIOVERDEob,SLP,Observatorio de RÌo Verde S.L.P. SMN*,18.9
-110.29,30.98,CNNSO,SON,Cananea Son.,10.8
-114.78,32.48,SLCSO,SON,San Luis RÌo Colorado Son.,14.7
-110.21,27.59,TORIM,SON,TÛrim Son. SGT*,15.2
-109.97,27.61,TAJIMAROA,SON,Tajimaroa Son. SGT*,16.0
-109.89,27.75,AGCSO,SON,Agua Caliente Son.,16.7
-108.76,26.6,CZNSO,SON,Cazanate Son.,17.5
-109.44,27.07,NVJSO,SON,Navojoa Son.,17.1
-109.11,27.23,ARCSO,SON,Adolfo RuÌz CortÌnes Son.,18.5
-108.88,27.41,SBNSO,SON,San Bernardo Son.,17.8
-109.62,27.42,CCRSO,SON,Cocoraque Son.,16.1
-109.21,27.66,TSOSO,SON,Tesocoma Son.,13.7
-109.89,27.82,AOBSO,SON,¡lvaro ObregÛn Son.,18.8
-110.85,27.95,GYMSO,SON,Guaymas Son.,15.8
-108.92,28.37,YC2SO,SON,YÈcora Son. SMN*,7.8
-108.93,28.37,YCRSO,SON,YÈcora Son.,7.7
-110.4,28.43,IRASO,SON,Ignacio R. Alatorre Son.,14.6
-110.31,28.47,PTASO,SON,Punta de Agua 2 Son.,14.6
-109.64,28.98,PECSO,SON,Plutarco ElÌas Calles Son.,16.1
-110.92,29.07,HM2SO,SON,Observatorio de Hermosillo Son.,17.0
-110.93,29.07,HMNSO,SON,Hermosillo Son.,17.3
-109.23,29.2,ECBSO,SON,El Cubil Son.,13.4
-110.74,29.47,CJNSO,SON,El CajÛn Son.,14.3
-109.5,29.53,TPCSO,SON,Tepache Son.,13.4
-110.23,29.82,ACNSO,SON,Aconchi Son.,11.8
-111.02,30.05,QRBSO,SON,Querobabi Son.,12.8
-109.09,30.07,ARISO,SON,Aribabi Son.,7.5
-108.96,30.21,HSHSO,SON,Huachinera Son.,9.1
-110.17,30.34,ARZSO,SON,Arizpe Son.,8.1
-108.93,30.36,BCRSO,SON,Bacerac Son.,7.9
-111.45,30.39,SRSSO,SON,Santa Rosa 2 Son.,12.4
-109.38,30.44,LCDSO,SON,L·zaro C·rdenas Son.,12.9
-112.12,30.7,PTQSO,SON,Pitiquito Son.,12.0
-110.89,30.76,IMRSO,SON,Imuris Son.,11.3
-111.52,30.87,CHTSO,SON,CuauhtÈmoc Son.,13.8
-110.95,31.32,NGLSO,SON,Nogales Son.,11.2
-112.85,31.87,NYNSO,SON,Sonoyta Son.,12.4
-109.14,26.46,TOTOLIBOQUI,SON,Totoliboqui Son. REMAS*,16.0
-109.05,26.5,EJIDO21MARZO,SON,Ejido 21 de Marzo Son. REMAS*,16.2
-109.7,26.77,JULIANTABAMPO,SON,Juliantabampo Son. REMAS*,14.7
-108.97,26.8,CHINO,SON,Chino Gordo Son. REMAS*,15.7
-109.53,26.81,REGLA,SON,La Regla Son. REMAS*,14.9
-109.68,26.84,NAVOBAXIA,SON,Navobaxia Son. REMAS*,14.9
-109.75,26.9,SAHUARALO,SON,Sahuaral de Otero Son. REMAS*,15.0
-109.5,26.91,TRESCARLOS,SON,Tres Carlos Son. INIFAP*,14.5
-109.83,27,BLOCK2918,SON,Block 2918 Son. REMAS*,13.6
-109.5,27.01,SEMAY,SON,Semay Son. REMAS*,15.0
-109.69,27.03,BUAYSIACOBE,SON,Buaysiacobe Son. INIFAP*,14.6
-109.42,27.07,CIASO,SON,Ciano Huatabampo Son.,15.9
-109.48,27.11,CHIHUAHUITASO,SON,Chihuahuita Son. REMAS*,15.8
-109.9,27.14,BLOCK2010,SON,Block 2010 Son. REMAS*,15.1
-109.8,27.17,BLOCK1922,SON,Block 1922 Son. REMAS*,16.0
-109.66,27.18,BLOCK1936,SON,Block 1936 Son. REMAS*,15.9
-109.58,27.21,PUEBLO,SON,Pueblo Mayo Son. REMAS*,16.7
-110.04,27.23,BLOCK1703,SON,Block 1703 Son. REMAS*,15.9
-110.26,27.28,BLOCK1423,SON,Block 1423 Son. REMAS*,15.5
-110.16,27.32,BLOCK1213,SON,Block 1213 Son. REMAS*,15.3
-108.91,27.32,CASA,SON,Casa Colorada Son. REMAS*,17.3
-110.02,27.32,BLOCK1101,SON,Block 1101 Son. REMAS*,15.5
-109.93,27.37,OBOSO,SON,Observatorio Cd. ObregÛn Son. SMN*,16.2
-109.81,27.39,BLOCK720,SON,Block 720 Son. REMAS*,16.0
-110.34,27.4,BLOCK731,SON,Block 731 Son. REMAS*,15.1
-110.22,27.46,BLOCK419,SON,Block 419 Son. REMAS*,15.6
-109.13,27.47,ALGODONES,SON,Los Algodones Son. REMAS*,18.3
-110.01,27.55,PELJAZMIN,SON,Predio El JazmÌn Son. INIFAP*,15.7
-109.93,27.62,CORRAL,SON,EstaciÛn Corral  Son. REMAS*,15.4
-110.41,27.63,POTAM,SON,PÛtam Son. SGT*,15.9
-110.41,27.63,POTAMR,SON,PÛtam Son. REMAS*,15.9
-110.29,27.64,VCMSO,SON,VÌcam Son.,15.1
-109.4,27.85,ROSARIO,SON,Rosario Tesopaco Son. REMAS*,14.1
-110.8,27.95,EMPALMEob,SON,Observatorio de Empalme Son. SMN*,16.9
-110.55,28,CAMPO,SON,Campo Selza Son. REMAS*,16.2
-110.93,28,BUENOS,SON,Buenos Aires Gym Son. REMAS*,16.3
-110.66,28.12,SANTAMARIA,SON,Santa MarÌa Son. REMAS*,16.8
-110.66,28.3,ORTIZ,SON,OrtÌz Son. REMAS*,16.3
-111.25,28.31,SAHUARALA,SON,Sahuaral Son. INIFAP*,14.1
-110.51,28.37,TREINTA,SON,Las Treinta Son. REMAS*,16.1
-109.89,28.42,SUAQUI,SON,Suaqui Grande Son. REMAS*,15.4
-111.32,28.68,PEANA,SON,PeaÒa Son. REMAS*,15.0
-111.65,28.69,KINO,SON,Kino Son. REMAS*,14.4
-111.47,28.74,FATIMA,SON,El Milagro de F·tima Son. REMAS*,15.2
-111.36,28.79,ELBERVANO,SON,El Bervano Son. INIFAP*,15.0
-111.56,28.84,SANTAELENAS,SON,Santa Elena Son. REMAS*,14.9
-111.43,28.89,CARLITOS,SON,San Carlitos  Son. REMAS*,15.1
-111.23,28.9,ABEJAS,SON,Abejas Son. REMAS*,15.4
-110.18,28.94,MAZATAN,SON,Mazat·n Son. REMAS*,13.7
-111.13,28.96,BACHATA,SON,La Bachata Son. REMAS*,14.7
-111.26,28.98,SANTONINO,SON,Santo NiÒo Son. REMAS*,15.4
-111.59,28.98,ELROSARIO2SO,SON,El Rosario 2 Son. INIFAP*,15.7
-111.13,29.01,UNISON,SON,Universidad de Sonora Son. SMN*,15.3
-109.22,29.05,SAHUARIPA,SON,Sahuaripa Son. REMAS*,13.3
-111.56,29.09,GREEN,SON,Green Stripe Son. REMAS*,15.6
-109.99,29.12,MATAPE,SON,M·tape Son. REMAS*,13.9
-111.76,29.24,CHIPILON,SON,ChipilÛn Son. REMAS*,14.9
-110.93,29.39,TRACALITA,SON,Tracalita Son. REMAS*,15.2
-110.31,29.44,URES,SON,Ures Son. REMAS*,13.9
-109.51,29.52,TEPACHE,SON,Tepache Son. REMAS*,12.2
-110.93,29.55,SELVA,SON,Selva Son. REMAS*,14.5
-110.14,29.67,BAVIACORA,SON,Bavi·cora Son. REMAS*,12.5
-108.97,29.69,NACORI,SON,N·cori Chico Son. REMAS*,10.6
-112.06,29.78,SANTAADELA,SON,Santa Adela Son. REMAS*,15.1
-110.96,29.91,QUEROBABI,SON,Querobabi Son. REMAS*,14.4
-109.3,29.93,HUASABAS,SON,Hu·sabas Son. REMAS*,12.0
-110.21,29.97,BANAMICHI,SON,Ban·michi Son. REMAS*,10.9
-111.23,30.05,CARRIZO,SON,El Carrizo Son. REMAS*,11.4
-109.79,30.19,CUMPAS,SON,Cumpas Son. REMAS*,12.8
-110.72,30.34,LADRILLERA,SON,La Ladrillera Son. REMAS*,11.3
-109.38,30.43,PLCARDENAS,SON,Presa L·zaro C·rdenas Son. SGT*,13.4
-111.56,30.47,CORRALES,SON,Los Corrales Son. REMAS*,12.7
-108.96,30.51,BAVISPE,SON,Bavispe Son. REMAS*,9.2
-112.35,30.51,SURCABORACA,SON,Sur Caborca Son. REMAS*,13.5
-112.16,30.6,CHAPARRAL,SON,Chaparral Son. REMAS*,13.3
-111.4,30.61,LOMA,SON,La Loma Son. REMAS*,12.3
-112.44,30.77,CABORCA,SON,Caborca Son. SMN*,16.9
-111.21,30.79,ALMAS,SON,Las Palmas Son. REMAS*,10.8
-112.78,30.83,LOLEYTA,SON,Loleyta Son. REMAS*,14.1
-112.49,30.84,SANLUIS,SON,San Luis Son. INIFAP*,14.9
-110.84,30.85,CRISP,SON,El 15 Crisp Son. REMAS*,11.5
-112.91,30.85,RIVERA,SON,La Rivera Son. REMAS*,13.5
-112.03,31,CUCHUJAQUI,SON,Cuchujaqui Son. REMAS*,11.8
-110.6,31.19,SANTACRUZS,SON,Santa Cruz Son. REMAS*,7.8
-109.56,31.24,AGUAPRIETA,SON,km 9 Ejido Agua Prieta Son. REMAS*,7.6
-110.91,31.3,NOGALES,SON,Nogales Son. SMN*,11.0
-113.3,31.68,PINACATE,SON,El Pinacate Son. SMN*,15.4
-112.67,31.77,SONOYTAS,SON,Sonoyta Son. REMAS*,11.6
-112.85,31.87,SONOYTA,SON,Sonoyta Son. SMN*,14.2
-114.92,32.17,COLONIA,SON,Colonia Medano Son. REMAS*,13.0
-115.01,32.25,VALENZUELA,SON,Rancho Valenzuela Son. REMAS*,13.3
-114.96,32.31,QUIROZ,SON,Rancho Quiroz Son. REMAS*,13.7
-114.87,32.33,PIVOTE,SON,Rancho El Pivote Son. REMAS*,13.6
-114.93,32.41,MOCTEZUMA,SON,Moctezuma Son. INIFAP*,12.7
-114.85,32.44,MONUMENTOS,SON,Monumentos Son. REMAS*,13.6
-109.6,26.82,HUATABAMPO,SON,Huatabampo Son. REMAS*,15.5
-109.58,27.05,CHUCARIT,SON,Chucarit Son. REMAS*,14.9
-109.75,27.11,BLOCK2328,SON,Block 2328 Son. INIFAP*,15.1
-109.4,27.13,TESIA,SON,Tesia Son.  INIFAP*,15.6
-109.71,27.21,BLOCK1730,SON,Block 1730 Son. INIFAP*,14.7
-109.84,27.28,BLOCK1418,SON,Block 1418 Son. INIFAP*,15.1
-110.1,27.41,BLOCK609,SON,Block 609 Son. INIFAP*,15.1
-109.94,27.5,COBSO,SON,Observatorio de Ciudad ObregÛn Son.,16.1
-110.12,27.51,BLOCK111,SON,Block 111 Son. INIFAP*,15.2
-110.8,27.95,EPLSO,SON,Observatorio de Empalme Son.,17.1
-111.56,28.61,PERICOI,SON,Perico 1 Son. INIFAP*,14.1
-109.37,28.98,PELIASCALLES,SON,Presa Plutarco ElÌas Calles Son.,17.3
-110.71,29.23,ORGSO,SON,El OrÈgano Son.,16.6
-109.08,29.43,PDNSO,SON,Paso N·cori Son.,12.4
-111.73,30.72,ALTSO,SON,Observatorio de Altar Son.,13.4
-112.46,30.77,CABORCAEX,SON,Caborca Exportadora Son. REMAS*,13.4
-113.55,31.35,PT2SO,SON,Observatorio de Puerto PeÒasco Son.,15.8
-114.8,32.42,RCOLORADO,SON,San Luis RÌo Colorado Son. SMN*,14.1
-111.83,28.75,BAHIAKINO,SON,BahÌa de Kino Son. SMN*,14.5
-111.36,28.56,CUICHI,SON,Cuichi Son. REMAS*,14.7
-111.72,29.06,DOLORES,SON,Dolores Jam Son. REMAS*,15.1
-109.64,28.95,EN2SO,SON,Novillo 2 Son.,15.5
-110.93,30.67,MGDSO,SON,Magdalena Son.,13.4
-109.54,31.33,APTSO,SON,Agua Prieta Son.,7.4
-92.75,17.38,OXOTB,TAB,Oxolot·n Tab.,24.3
-91.48,17.43,BDCTB,TAB,Boca del Cerro Tab.,24.0
-92.97,17.57,TEATB,TAB,Teapa Tab.,24.7
-92.94,17.57,PUYTB,TAB,Puyacatengo Tab.,23.6
-92.6,17.77,MACTB,TAB,Macuspana Tab.,24.4
-93.38,18,CARTB,TAB,C·rdenas Tab.,23.8
-92.88,17.85,PNVTB,TAB,Pueblo Nuevo Tab.,24.1
-93,17.98,GONTB,TAB,Gonz·lez Tab.,24.2
-93.28,18,SAMTB,TAB,Samaria Tab.,23.4
-92.92,17.98,EMUTB,TAB,Villahermosa Muelle Tab.,25.3
-92.81,18.04,EPOTB,TAB,El Porvenir Tab.,24.1
-92.74,17.4,OXOLOTANCFE,TAB,Oxolot·n Tab. CFE*,24.1
-91.49,17.43,BOCADELCERRO,TAB,Boca del Cerro Tab. SGT*,23.8
-92.93,17.55,PUYACATENGO,TAB,Puyacatengo Tab. SGT*,23.8
-92.95,17.56,TEAPA,TAB,Teapa Tab. SGT*,24.7
-93.28,18,SAMARIA,TAB,Samaria Tab. SGT*,23.9
-92.65,18.41,PCENTLA,TAB,Pantanos de Centla Tab. SMN*,25.1
-93.33,18.42,PARAISO,TAB,ParaÌso Tab. SMN*,24.5
-92.78,17.46,TAPTB,TAB,Tapijulapa Tab.,23.3
-91.16,17.79,SPTTB,TAB,San Pedro Tab.,23.9
-92.96,17.96,LUISGPEREZ,TAB,Luis Gil PÈrez Tab. SGT*,25.7
-93.62,18.18,POBLADOC11,TAB,Poblado C11 Tab. SGT*,24.3
-99.27,24.02,STETP,TAMPS,Santa Engracia Tamps.,17.7
-98.63,22.49,NVAAPOLONIA,TAMPS,Nueva Apolonia Tamps. SGT*,21.2
-99.15,22.99,AHUALULCOTP,TAMPS,Ahualulco Tamps. SGT*,21.1
-98.37,24.05,ABASOLO,TAMPS,Abasolo Tamps. SGT*,20.4
-99.22,24.1,BARRETALI,TAMPS,Barretal Uno Tamps. SGT*,19.0
-97.93,22.39,BALTP,TAMPS,Bombas Altamira Tamps.,18.5
-98.42,22.42,TMSTP,TAMPS,TamesÌ Tamps.,19.8
-98.69,22.6,ERCTP,TAMPS,Estudiante Ramiro Caballero Dorantes Tamps.,18.2
-98.87,22.78,SDATP,TAMPS,Saca de Agua Tamps.,20.7
-98.71,22.8,MGSTP,TAMPS,MagiscatzÌn Dos Tamps.,19.3
-99.12,22.85,LSRTP,TAMPS,La Servilleta Tamps.,19.4
-99.03,22.84,RFRTP,TAMPS,RÌo FrÌo Tamps.,21.4
-98.79,22.94,SLZTP,TAMPS,Lic. Emilio Portes Gil Tamps.,17.2
-99.09,23.03,SBNTP,TAMPS,Sabinas Tamps.,18.8
-98.79,23.08,SGBTP,TAMPS,San Gabriel Tamps.,20.0
-97.99,23.26,RSPTP,TAMPS,Rep˙blica EspaÒola Tamps.,21.1
-99.08,23.38,ENNTP,TAMPS,La Encantada Tamps.,17.3
-99.17,23.72,CVCTP,TAMPS,Observatorio de Ciudad Victoria Tamps.,18.4
-98.75,23.73,PDMTP,TAMPS,Paso de Molina Tamps.,19.0
-98.67,23.96,VGRTP,TAMPS,Vicente Guerrero Tamps.,19.0
-98.9,24.05,PADTP,TAMPS,Padilla Tamps.,18.7
-98.39,24.07,ABSTP,TAMPS,Abasolo Tamps.,19.6
-99.12,24.08,BR1TP,TAMPS,El Barretal Uno Tamps.,18.2
-99.22,24.1,BRRTP,TAMPS,El Barretal Tamps.,17.8
-99.02,24.21,PILTP,TAMPS,PilÛn Tamps.,18.6
-99.58,24.18,PVLTP,TAMPS,Puerto de Valles Tamps.,14.8
-99.56,24.25,PJMTP,TAMPS,Pedro JosÈ MÈndez Tamps.,17.0
-99.43,24.25,MHGTP,TAMPS,Miguel Hidalgo Tamps.,16.9
-99.55,24.57,MAGTP,TAMPS,Magueyes Tamps.,16.1
-98.16,24.84,FDOTP,TAMPS,San Fernando Tamps.,16.6
-97.82,25.97,CONTP,TAMPS,Control Tamps.,15.9
-97.8,25.7,VHMTP,TAMPS,Valle Hermoso Tamps.,16.6
-97.8,25.8,PANTP,TAMPS,Pueblo An·huac Tamps.,15.6
-97.52,25.83,MATTP,TAMPS,Matamoros Tamps.,16.7
-97.8,25.91,VCATP,TAMPS,Villa C·rdenas Tamps.,15.6
-98.29,26.08,RYATP,TAMPS,S-J-3-42 Reynosa Tamps.,15.8
-98.88,26.17,RYNTP,TAMPS,S-J-2-9 Reynosa Tamps.,15.9
-98.6,26.24,CDOTP,TAMPS,S-J-2-18 Ciudad DÌaz Ordaz Tamps.,16.5
-99.19,23.73,CVTTP,TAMPS,Ciudad Victoria Tamps.,18.5
-99.21,24.1,BARRETALII,TAMPS,Barretal Dos Tamps. SGT*,18.7
-98.69,25.12,CANDIDOAG,TAMPS,C·ndido Aguilar Tamps. SGT*,17.6
-99.15,22.99,AHLTP,TAMPS,Ahualulco Tamps.,20.5
-98.41,22.8,GONZALEZTP,TAMPS,Gonz·lez Tamps. SGT*,21.2
-99.08,23.39,LAENCANTADA,TAMPS,La Encantada Tamps. SGT*,19.5
-99.13,23.73,CVICTORIAob,TAMPS,Observatorio de Ciudad Victoria Tamps.SMN*,19.1
-97.77,23.79,LAPESCAMAR,TAMPS,La Pesca Tamps. SEMAR*,19.2
-98.94,23.94,CORTP,TAMPS,Corona Tamps.,18.0
-98.67,23.96,PVGUERRERO,TAMPS,Presa Vicente Guerrero Tamps. SGT*,19.8
-98.9,24.04,PADILLA,TAMPS,Padilla Tamps. SGT*,19.1
-99.6,24.18,PTODEVALLES,TAMPS,Puerto de Valles Tamps. SGT*,15.5
-98.16,24.84,FD2TP,TAMPS,San Fernando Tamps. SMN*,19.6
-98.6,25.1,MENDEZ,TAMPS,MÈndez Tamps. SGT*,18.7
-97.52,25.88,MA2TP,TAMPS,Matamoros Tamps. SMN*,17.9
-99.53,27.44,NUEVOLAREDO,TAMPS,Nuevo Laredo Tamps. SGT*,15.3
-99.92,22.58,CIUDADMANTE,TAMPS,Ciudad Mante Tamps. SMN*,21.4
-99.15,23.05,GOMEZFARIAS,TAMPS,GÛmez FarÌas Tamps. SGT*,17.8
-97.95,23.17,LAETP,TAMPS,La Esperanza Tamps.,19.6
-98.21,23.76,SLMTP,TAMPS,Observatorio de Soto la Marina Tamps.,19.8
-98.87,24.12,PILON,TAMPS,PilÛn Tamps. SGT*,19.3
-99.55,24.57,VSMTP,TAMPS,Victoria San Marcos Tamps.,18.4
-98.81,25.03,CNDTP,TAMPS,C·ndido Aguilar Tamps.,16.8
-98.59,25.12,MENTP,TAMPS,Mendez Tamps.,17.3
-98.93,26.2,MRGTP,TAMPS,Marte Rodolfo GÛmez Tamps.,16.6
-98.74,23.73,PASOMOLINA,TAMPS,Paso de Molina Tamps. SGT*,20.0
-97.91,19.2,ZITTL,TLAX,Zitlaltepec Tlax.,12.9
-98.24,19.22,ZACTL,TLAX,Zacatelco Tlax.,13.8
-97.77,19.3,CUATL,TLAX,Cuapiaxtla Tlax.,13.7
-98.23,19.32,TLAXCALAob,TLAX,Observatorio de Tlaxcala Tlax. SMN*,14.7
-97.65,19.32,ECTTL,TLAX,El Carmen Tequexquitla Tlax.,12.4
-98.25,19.32,OBSTL,TLAX,Observatorio de Tlaxcala Tlax.,14.8
-98.2,19.56,SJATL,TLAX,San JosÈ Atlanga Tlax.,10.7
-98.56,19.59,CPPTL,TLAX,Calpulalpan Tlax.,10.8
-98.03,19.14,MALINCHEII,TLAX,La Malinche 2 Tlax. SMN*,11.7
-98.04,19.3,MALINCHEI,TLAX,La Malinche 1 Tlax. SMN*,10.5
-97.91,19.32,HMTTL,TLAX,Huamantla Tlax.,12.6
-98.13,19.43,APITL,TLAX,Apizaco Tlax.,13.2
-97.95,19.31,HUATL,TLAX,Huamantla Tlax. SMN*,11.5
-95.03,18.52,SONVC,VER,Sontecomapan Ver.,20.8
-96.97,19.45,TAPVC,VER,Tapachapan Ver.,16.9
-96.41,19.26,LOFVC,VER,Loma Fina Ver.,23.2
-96.95,19.23,TOTVC,VER,Totutla Ver.,16.3
-96.97,19.55,OTIVC,VER,Otilpan Ver.,14.9
-94.92,17.42,LPEVC,VER,Las Perlas Ver.,22.9
-95.03,17.43,JCRVC,VER,Jes˙s Carranza Ver.,22.2
-94.09,17.87,JDCVC,VER,San JosÈ del Carmen Ver.,21.4
-95.13,17.88,SJEVC,VER,San Juan Evangelista Ver.,22.9
-94.77,18.14,MNZVC,VER,Minzapan Ver.,22.2
-95.35,18.25,LAUVC,VER,Lauchapan Ver.,20.8
-95.44,18.58,ARCVC,VER,¡ngel Rosario Cabada Ver.,22.0
-95.63,18.72,RALVC,VER,Radar Alvarado Ver.,22.6
-97.23,18.92,LGRVC,VER,Loma Grande Ver.,11.6
-96.49,19.34,TAMVC,VER,Tamarindo Ver.,23.2
-96.37,19.36,CRDVC,VER,Cardel Ver.,22.5
-96.55,19.4,IDOVC,VER,Õdolos Ver.,23.2
-97.39,19.41,ZALVC,VER,Zalayeta Ver.,10.3
-96.94,19.45,COAVC,VER,Coatepec Ver.,16.0
-96.93,19.48,BRIVC,VER,Briones Ver.,14.6
-96.59,19.5,ACTVC,VER,Actopan Ver.,23.4
-96.92,19.53,XOBVC,VER,Observatorio de Xalapa Ver.,16.7
-96.85,19.55,XCFVC,VER,Xalapa CFE Ver.,16.7
-97.02,19.6,JOYVC,VER,La Joya Ver.,11.5
-96.87,19.65,NAOVC,VER,Naolinco Ver.,15.1
-96.84,19.7,ACAVC,VER,Acatl·n Ver.,13.7
-97.23,19.76,ALTVC,VER,Altotonga Ver.,12.6
-96.98,20.05,LIBVC,VER,Libertad Ver.,21.6
-98.48,20.53,HUYVC,VER,Huayacocotla Ver.,12.8
-97.81,20.89,SBTVC,VER,Sombrerete Ver.,19.6
-97.68,20.93,ALAVC,VER,¡lamo Temapache Ver.,20.4
-98.36,21.3,PSNVC,VER,PlatÛn S·nchez Ver.,19.0
-98.41,21.5,TMPVC,VER,Tempoal Ver.,20.3
-98.16,21.74,CHYVC,VER,Paso de Piedras Ver.,18.5
-98.46,21.77,HGOVC,VER,El Higo Ver.,20.3
-98.51,21.84,OLVVC,VER,El Olivo Ver.,20.5
-98.18,22.06,PNCVC,VER,P·nuco Ver.,18.9
-98.29,21.19,HLSVC,VER,Los Hules Ver.,20.2
-94.16,17.57,TMOVC,VER,Tierra Morada Ver.,22.6
-96.7,19.43,CEGVC,VER,Cerro Gordo Ver.,19.5
-96.7,18.82,PTEAUTOPISTA,VER,Puente de la Autopista Ver. SGT*,22.4
-96.92,18.89,CORDOBASGT,VER,CÛrdoba Ver. SGT*,19.4
-96.66,19.04,PTE4CAMINOS,VER,Puente Cuatro Caminos Ver. SGT*,21.8
-97.04,19.07,COSCOMATEPEC,VER,Coscomatepec CBT99 Ver. SMN*,15.9
-96.84,19.07,TEPATLAXCO,VER,Tepatlaxco Ver. SGT*,18.0
-96.45,19.29,PASOOVEJAS,VER,Paso de Ovejas Ver. SGT*,23.2
-97.27,19.55,PEROTESMN,VER,Perote Ver. SMN*,12.5
-96.92,19.81,TNCVC,VER,Tenochtitl·n Ver.,17.6
-94.93,18.04,ACAYUCAN,VER,Acayucan Ver. SMN*,23.5
-94.4,18.1,COTVC,VER,Observatorio de Coatzacoalcos Ver.,23.2
-95.3,18.14,CTTVC,VER,Cuatotolapan Ver.,21.8
-96.1,18.19,CDALEMAN,VER,Ciudad Alem·n Ver.*,23.1
-95.42,18.47,TZAVC,VER,Tres Zapotes Ver.,23.1
-95.07,18.58,TUXTLASI,VER,Los Tuxtlas 1 Ver. SMN*,16.1
-97.1,18.85,ORZVC,VER,Observatorio de Orizaba Ver.,17.7
-96.11,19.15,VERVC,VER,Observatorio de Veracruz Ver.,23.5
-96.95,19.18,HTSVC,VER,Huatusco Ver.,14.1
-97.24,19.58,PERVC,VER,Perote Ver.,10.0
-96.88,19.6,INCVC,VER,Ingenio ConcepciÛn Ver.,14.8
-97.4,20.96,TXPVC,VER,Observatorio de Tuxpan Ver.,20.8
-94.51,18.14,COATZACOALCOob,VER,Observatorio de Coatzacoalcos Ver. SMN*,24.2
-88.93,20.13,PETYC,YUC,Peto Yuc.,23.4
-89.39,20.29,OXKYC,YUC,Oxkutzcab Yuc.,23.6
-89.56,20.4,TICYC,YUC,Ticul Yuc.,22.6
-89.08,20.46,CANYC,YUC,Cantamayec Yuc.,23.0
-89.71,20.49,MUNYC,YUC,Muna Yuc.,23.4
-89.83,20.75,CHOYC,YUC,Chochol· Yuc.,23.8
-89.64,20.94,FAEYC,YUC,Fuerza AÈrea Yuc.,24.3
-89.65,20.95,MEOYC,YUC,Observatorio de MÈrida Yuc.,24.4
-89.66,20.98,GARYC,YUC,Organismo de Cuenca PenÌnsula de Yucat·n Yuc.,23.0
-89.64,21.03,CICYC,YUC,Centro de InvestigaciÛn CientÌfica Yuc.,23.9
-87.99,21.16,TIZIMIN,YUC,TizimÌn Yuc. SMN*,23.0
-87.68,21.51,CYOYC,YUC,El Cuyo Yuc.,24.3
-88.16,21.57,RLAYC,YUC,RÌo Lagartos Yuc.,22.9
-88.17,21.16,TIZYC,YUC,TizimÌn Yuc.,23.1
-89.22,19.88,BECYC,YUC,BecanchÈn Yuc.,22.6
-90.38,20.86,CELYC,YUC,Celest˙n Yuc. SMN*,24.0
-89.44,21.11,MOCYC,YUC,Mococh· Yuc.,21.8
-89.5,21.08,CONYC,YUC,Conkal Yuc.,21.8
-89.29,21.09,MTOYC,YUC,Motul Yuc.,21.8
-89.65,21.3,PROGRESOob,YUC,Observatorio de Progreso Yuc. SMN*,24.3
-88.16,21.57,RILYC,YUC,RÌo Lagartos Yuc. SMN*,23.6
-88.2,20.69,VALYC,YUC,Observatorio de Valladolid Yuc.,24.2
-89.65,21.28,PROYC,YUC,Observatorio de Progreso Yuc.,23.9
-89.58,20.98,EZAYC,YUC,Emiliano Zapata Yuc.,23.0
-103.51,24.29,SGOZC,ZAC,Santiago Zac.,12.2
-103.36,21.21,MORZC,ZAC,Mezquital del Oro Zac.,17.6
-102.85,21.36,NCTZC,ZAC,Nochistl·n Zac.,13.5
-103.34,21.59,VILZC,ZAC,JosÈ MarÌa Morelos Zac.,19.3
-103.35,21.65,EXCZC,ZAC,Miguel Alem·n Zac.,13.5
-103.31,21.77,TLLZC,ZAC,Tlaltenango Zac.,14.1
-103.46,21.81,ATGZC,ZAC,Atolinga Zac.,12.3
-102.9,22,CHIZC,ZAC,El Chique Zac.,18.6
-101.4,22.12,PINZC,ZAC,Pino Su·rez Zac.,11.3
-102.86,22.12,TAYZC,ZAC,Ing. Juli·n Adame Alatorre Zac.,14.4
-103.56,22.31,MRSZC,ZAC,Monte Escobedo Zac.,9.5
-101.72,22.35,VHGZC,ZAC,Villa Hidalgo Zac.,13.5
-102.8,22.35,PALZC,ZAC,Palomas Zac.,11.3
-103,22.64,JERZC,ZAC,Jerez Zac.,13.9
-102.04,22.67,ELSZC,ZAC,El Saladillo Zac.,10.5
-102.51,22.75,GPEZC,ZAC,Guadalupe Zac.,13.0
-102.51,22.75,ZA2ZC,ZAC,Zacatecas Zac. SMN*,13.2
-102.58,22.76,ZACZC,ZAC,Zacatecas Zac.,12.5
-102.95,22.82,BTEZC,ZAC,RamÛn LÛpez Velarde Zac.,11.3
-103.38,22.85,LOBZC,ZAC,Manuel Felgueres Zac.,11.1
-103.11,22.92,STRZC,ZAC,Santa Rosa Zac.,11.3
-102.66,23,LLBZC,ZAC,Llano Blanco Zac.,10.8
-102.89,23.17,FREZC,ZAC,Fresnillo Zac.,12.2
-103.22,23.18,LREZC,ZAC,Gobernador Leobardo Reynoso Zac.,11.0
-103.1,23.69,ELCZC,ZAC,El Cazadero Zac.,12.2
-103.03,23.82,RGRZC,ZAC,RÌo Grande Zac.,10.6
-102.88,24.32,SFOZC,ZAC,San Francisco Zac.,15.8
-103.88,23.47,TCHZC,ZAC,Chalchihuites Zac.,12.1
-103.4,24.28,JALZC,ZAC,Juan Aldama Zac.,11.4
-102.62,24.98,NTAZC,ZAC,Nuevo Tampico Zac.,13.9
-103.46,21.47,TGOZC,ZAC,Te˙l de Gonz·lez Ortega Zac.,14.6
-102.79,21.56,TLAZC,ZAC,Tlalchichila Zac.,13.0
-103.09,22.93,GJAZC,ZAC,General JoaquÌn Amaro Zac.,11.9
-103.11,21.4,JCHZC,ZAC,Juchipila Zac.,16.6
-102.25,22.44,LMOZC,ZAC,Luis Moya Zac.,13.0
-102.57,22.78,ZACATECASob,ZAC,Observatorio de Zacatecas Zac. SMN*,12.0
-102.9,21.71,PMOZC,ZAC,Los MoraleÒos Zac.,17.4
-101.99,22.26,LORZC,ZAC,Loreto Zac.,12.8
-103.5,22.33,STEZC,ZAC,Independencia Nacional Zac.,13.1
-102.57,22.78,LBUZC,ZAC,Observatorio de Zacatecas Zac.,12.2
-103.64,23.64,SOMZC,ZAC,Observatorio de Sombrerete Zac.,13.4
-103.44,24.29,MGAZC,ZAC,Miguel Auza Zac.,12.3
-101.39,24.62,CORZC,ZAC,ConcepciÛn del Oro Zac.,12.7
-103.6,22.69,LAFLORIDA,ZAC,La Florida Zac. SMN*,11.4
-102.27,22.58,OCAZC,ZAC,Ojo Caliente Zac.,12.6
